id,x,y,z,state_code,state_name,disp_x,disp_z,disp_mag,szz
1,0.500,0.500,0.500,4,tension-p,3.54540e-05,-4.58700e-04,4.60068e-04,-315442.36
2,1.500,0.500,0.500,4,tension-p,1.06446e-04,-4.56230e-04,4.68483e-04,-314761.82
3,2.500,0.500,0.500,4,tension-p,1.76666e-04,-4.52086e-04,4.85379e-04,-313520.09
4,3.500,0.500,0.500,4,tension-p,2.45501e-04,-4.47367e-04,5.10302e-04,-311649.95
5,4.500,0.500,0.500,4,tension-p,3.13785e-04,-4.41825e-04,5.41914e-04,-309001.76
6,5.500,0.500,0.500,4,tension-p,3.82235e-04,-4.34905e-04,5.79004e-04,-305562.81
7,6.500,0.500,0.500,4,tension-p,4.51483e-04,-4.28437e-04,6.22411e-04,-301445.50
8,7.500,0.500,0.500,4,tension-p,5.22772e-04,-4.23282e-04,6.72650e-04,-296656.87
9,8.500,0.500,0.500,4,tension-p,5.97653e-04,-4.19547e-04,7.30212e-04,-291336.07
10,9.500,0.500,0.500,4,tension-p,6.76970e-04,-4.19437e-04,7.96377e-04,-285639.35
11,0.500,1.500,0.500,4,tension-p,3.55812e-05,-4.58679e-04,4.60057e-04,-315438.77
12,1.500,1.500,0.500,4,tension-p,1.06637e-04,-4.56210e-04,4.68507e-04,-314767.54
13,2.500,1.500,0.500,4,tension-p,1.76784e-04,-4.52107e-04,4.85441e-04,-313521.71
14,3.500,1.500,0.500,4,tension-p,2.45591e-04,-4.47445e-04,5.10413e-04,-311653.09
15,4.500,1.500,0.500,4,tension-p,3.13905e-04,-4.41917e-04,5.42058e-04,-309004.47
16,5.500,1.500,0.500,4,tension-p,3.82495e-04,-4.34953e-04,5.79212e-04,-305570.90
17,6.500,1.500,0.500,4,tension-p,4.51760e-04,-4.28469e-04,6.22634e-04,-301461.66
18,7.500,1.500,0.500,4,tension-p,5.22813e-04,-4.23274e-04,6.72677e-04,-296659.31
19,8.500,1.500,0.500,4,tension-p,5.97391e-04,-4.19515e-04,7.29978e-04,-291338.73
20,9.500,1.500,0.500,4,tension-p,6.76740e-04,-4.19395e-04,7.96159e-04,-285617.11
21,0.500,2.500,0.500,4,tension-p,3.55229e-05,-4.58720e-04,4.60094e-04,-315433.95
22,1.500,2.500,0.500,4,tension-p,1.06501e-04,-4.56238e-04,4.68504e-04,-314774.42
23,2.500,2.500,0.500,4,tension-p,1.76602e-04,-4.52147e-04,4.85413e-04,-313530.02
24,3.500,2.500,0.500,5,shear-n tension-n,2.45417e-04,-4.47518e-04,5.10394e-04,-311657.37
25,4.500,2.500,0.500,4,tension-p,3.13795e-04,-4.42025e-04,5.42082e-04,-309007.89
26,5.500,2.500,0.500,4,tension-p,3.82321e-04,-4.35059e-04,5.79177e-04,-305582.83
27,6.500,2.500,0.500,4,tension-p,4.51420e-04,-4.28491e-04,6.22402e-04,-301465.93
28,7.500,2.500,0.500,4,tension-p,5.22380e-04,-4.23136e-04,6.72253e-04,-296660.51
29,8.500,2.500,0.500,4,tension-p,5.96932e-04,-4.19346e-04,7.29506e-04,-291337.06
30,9.500,2.500,0.500,4,tension-p,6.76375e-04,-4.19320e-04,7.95809e-04,-285621.27
31,0.500,3.500,0.500,4,tension-p,3.55066e-05,-4.58679e-04,4.60051e-04,-315435.57
32,1.500,3.500,0.500,4,tension-p,1.06330e-04,-4.56243e-04,4.68469e-04,-314782.34
33,2.500,3.500,0.500,4,tension-p,1.76298e-04,-4.52160e-04,4.85314e-04,-313532.74
34,3.500,3.500,0.500,5,shear-n tension-n,2.45123e-04,-4.47540e-04,5.10271e-04,-311661.59
35,4.500,3.500,0.500,4,tension-p,3.13520e-04,-4.42102e-04,5.41986e-04,-309017.67
36,5.500,3.500,0.500,4,tension-p,3.82115e-04,-4.35159e-04,5.79116e-04,-305586.42
37,6.500,3.500,0.500,4,tension-p,4.51215e-04,-4.28465e-04,6.22235e-04,-301462.41
38,7.500,3.500,0.500,4,tension-p,5.22015e-04,-4.22938e-04,6.71845e-04,-296671.16
39,8.500,3.500,0.500,4,tension-p,5.96448e-04,-4.19126e-04,7.28983e-04,-291330.92
40,9.500,3.500,0.500,4,tension-p,6.75734e-04,-4.19208e-04,7.95206e-04,-285620.37
41,0.500,4.500,0.500,4,tension-p,3.55215e-05,-4.58605e-04,4.59979e-04,-315432.98
42,1.500,4.500,0.500,4,tension-p,1.06410e-04,-4.56219e-04,4.68464e-04,-314778.43
43,2.500,4.500,0.500,4,tension-p,1.76390e-04,-4.52176e-04,4.85362e-04,-313531.82
44,3.500,4.500,0.500,5,shear-n tension-n,2.45053e-04,-4.47621e-04,5.10309e-04,-311671.00
45,4.500,4.500,0.500,4,tension-p,3.13177e-04,-4.42238e-04,5.41899e-04,-309038.63
46,5.500,4.500,0.500,4,tension-p,3.81639e-04,-4.35313e-04,5.78917e-04,-305601.49
47,6.500,4.500,0.500,4,tension-p,4.50783e-04,-4.28518e-04,6.21959e-04,-301468.03
48,7.500,4.500,0.500,4,tension-p,5.21384e-04,-4.22852e-04,6.71301e-04,-296683.52
49,8.500,4.500,0.500,4,tension-p,5.95453e-04,-4.19037e-04,7.28118e-04,-291351.10
50,9.500,4.500,0.500,4,tension-p,6.74782e-04,-4.19176e-04,7.94380e-04,-285625.92
51,0.500,0.500,1.500,5,shear-n tension-n,1.07614e-04,-1.46698e-03,1.47092e-03,-301657.27
52,1.500,0.500,1.500,5,shear-n tension-n,3.23343e-04,-1.46106e-03,1.49641e-03,-300993.97
53,2.500,0.500,1.500,5,shear-n tension-n,5.39044e-04,-1.45017e-03,1.54711e-03,-299690.98
54,3.500,0.500,1.500,4,tension-p,7.53208e-04,-1.43679e-03,1.62224e-03,-297743.72
55,4.500,0.500,1.500,4,tension-p,9.65867e-04,-1.42081e-03,1.71802e-03,-295063.38
56,5.500,0.500,1.500,4,tension-p,1.17999e-03,-1.40186e-03,1.83237e-03,-291480.46
57,6.500,0.500,1.500,4,tension-p,1.39869e-03,-1.38369e-03,1.96747e-03,-287225.62
58,7.500,0.500,1.500,4,tension-p,1.62566e-03,-1.37016e-03,2.12606e-03,-282327.06
59,8.500,0.500,1.500,4,tension-p,1.86601e-03,-1.36341e-03,2.31103e-03,-276928.21
60,9.500,0.500,1.500,4,tension-p,2.12308e-03,-1.36624e-03,2.52469e-03,-271028.13
61,0.500,1.500,1.500,5,shear-n tension-n,1.08017e-04,-1.46701e-03,1.47098e-03,-301652.64
62,1.500,1.500,1.500,5,shear-n tension-n,3.24054e-04,-1.46108e-03,1.49659e-03,-301001.89
63,2.500,1.500,1.500,5,shear-n tension-n,5.39648e-04,-1.45025e-03,1.54740e-03,-299691.63
64,3.500,1.500,1.500,5,shear-n tension-n,7.53718e-04,-1.43694e-03,1.62262e-03,-297746.02
65,4.500,1.500,1.500,4,tension-p,9.66310e-04,-1.42100e-03,1.71843e-03,-295067.51
66,5.500,1.500,1.500,4,tension-p,1.18061e-03,-1.40192e-03,1.83281e-03,-291494.31
67,6.500,1.500,1.500,4,tension-p,1.39934e-03,-1.38361e-03,1.96787e-03,-287244.41
68,7.500,1.500,1.500,4,tension-p,1.62567e-03,-1.37004e-03,2.12599e-03,-282338.48
69,8.500,1.500,1.500,4,tension-p,1.86536e-03,-1.36336e-03,2.31048e-03,-276915.94
70,9.500,1.500,1.500,4,tension-p,2.12251e-03,-1.36639e-03,2.52430e-03,-271016.87
71,0.500,2.500,1.500,5,shear-n tension-n,1.07687e-04,-1.46714e-03,1.47109e-03,-301657.44
72,1.500,2.500,1.500,5,shear-n tension-n,3.23457e-04,-1.46114e-03,1.49651e-03,-301003.77
73,2.500,2.500,1.500,4,tension-p,5.38997e-04,-1.45033e-03,1.54724e-03,-299705.13
74,3.500,2.500,1.500,5,shear-n tension-n,7.53066e-04,-1.43714e-03,1.62249e-03,-297748.53
75,4.500,2.500,1.500,4,tension-p,9.65790e-04,-1.42126e-03,1.71835e-03,-295071.58
76,5.500,2.500,1.500,4,tension-p,1.17975e-03,-1.40210e-03,1.83240e-03,-291504.58
77,6.500,2.500,1.500,4,tension-p,1.39793e-03,-1.38357e-03,1.96685e-03,-287249.08
78,7.500,2.500,1.500,4,tension-p,1.62431e-03,-1.36965e-03,2.12469e-03,-282327.38
79,8.500,2.500,1.500,4,tension-p,1.86449e-03,-1.36285e-03,2.30947e-03,-276894.07
80,9.500,2.500,1.500,4,tension-p,2.12191e-03,-1.36640e-03,2.52380e-03,-271042.73
81,0.500,3.500,1.500,5,shear-n tension-n,1.07702e-04,-1.46696e-03,1.47091e-03,-301648.10
82,1.500,3.500,1.500,5,shear-n tension-n,3.22995e-04,-1.46101e-03,1.49629e-03,-301014.93
83,2.500,3.500,1.500,5,shear-n tension-n,5.38111e-04,-1.45028e-03,1.54689e-03,-299697.70
84,3.500,3.500,1.500,5,shear-n tension-n,7.52344e-04,-1.43722e-03,1.62223e-03,-297751.95
85,4.500,3.500,1.500,4,tension-p,9.65180e-04,-1.42146e-03,1.71817e-03,-295077.48
86,5.500,3.500,1.500,4,tension-p,1.17907e-03,-1.40230e-03,1.83212e-03,-291517.83
87,6.500,3.500,1.500,4,tension-p,1.39699e-03,-1.38344e-03,1.96608e-03,-287250.32
88,7.500,3.500,1.500,4,tension-p,1.62316e-03,-1.36905e-03,2.12342e-03,-282333.57
89,8.500,3.500,1.500,4,tension-p,1.86331e-03,-1.36219e-03,2.30813e-03,-276880.13
90,9.500,3.500,1.500,4,tension-p,2.12044e-03,-1.36625e-03,2.52247e-03,-271034.85
91,0.500,4.500,1.500,5,shear-n tension-n,1.07715e-04,-1.46683e-03,1.47078e-03,-301646.10
92,1.500,4.500,1.500,5,shear-n tension-n,3.23332e-04,-1.46092e-03,1.49628e-03,-301004.71
93,2.500,4.500,1.500,5,shear-n tension-n,5.38527e-04,-1.45029e-03,1.54704e-03,-299703.29
94,3.500,4.500,1.500,5,shear-n tension-n,7.52095e-04,-1.43734e-03,1.62222e-03,-297765.92
95,4.500,4.500,1.500,5,shear-n tension-n,9.64180e-04,-1.42173e-03,1.71783e-03,-295090.27
96,5.500,4.500,1.500,4,tension-p,1.17759e-03,-1.40266e-03,1.83144e-03,-291537.75
97,6.500,4.500,1.500,4,tension-p,1.39533e-03,-1.38355e-03,1.96499e-03,-287260.33
98,7.500,4.500,1.500,4,tension-p,1.62104e-03,-1.36877e-03,2.12163e-03,-282341.90
99,8.500,4.500,1.500,4,tension-p,1.86069e-03,-1.36190e-03,2.30585e-03,-276885.22
100,9.500,4.500,1.500,4,tension-p,2.11824e-03,-1.36616e-03,2.52058e-03,-271028.99
101,0.500,0.500,2.500,5,shear-n tension-n,1.83593e-04,-2.66395e-03,2.67027e-03,-287698.74
102,1.500,0.500,2.500,5,shear-n tension-n,5.51812e-04,-2.65644e-03,2.71314e-03,-287034.46
103,2.500,0.500,2.500,5,shear-n tension-n,9.22317e-04,-2.64138e-03,2.79777e-03,-285716.71
104,3.500,0.500,2.500,5,shear-n tension-n,1.29348e-03,-2.61959e-03,2.92154e-03,-283729.92
105,4.500,0.500,2.500,4,tension-p,1.66412e-03,-2.59326e-03,3.08128e-03,-280966.33
106,5.500,0.500,2.500,4,tension-p,2.03948e-03,-2.56490e-03,3.27692e-03,-277236.70
107,6.500,0.500,2.500,4,tension-p,2.42763e-03,-2.54010e-03,3.51361e-03,-272884.58
108,7.500,0.500,2.500,4,tension-p,2.83721e-03,-2.52604e-03,3.79877e-03,-267938.43
109,8.500,0.500,2.500,4,tension-p,3.27676e-03,-2.52755e-03,4.13832e-03,-262411.42
110,9.500,0.500,2.500,4,tension-p,3.75365e-03,-2.54588e-03,4.53557e-03,-256369.12
111,0.500,1.500,2.500,5,shear-n tension-n,1.84274e-04,-2.66409e-03,2.67045e-03,-287698.09
112,1.500,1.500,2.500,5,shear-n tension-n,5.53117e-04,-2.65652e-03,2.71349e-03,-287039.00
113,2.500,1.500,2.500,5,shear-n tension-n,9.23576e-04,-2.64147e-03,2.79828e-03,-285729.66
114,3.500,1.500,2.500,5,shear-n tension-n,1.29457e-03,-2.61978e-03,2.92218e-03,-283737.19
115,4.500,1.500,2.500,4,tension-p,1.66489e-03,-2.59336e-03,3.08178e-03,-280980.56
116,5.500,1.500,2.500,4,tension-p,2.04021e-03,-2.56469e-03,3.27721e-03,-277253.86
117,6.500,1.500,2.500,4,tension-p,2.42840e-03,-2.53971e-03,3.51387e-03,-272891.92
118,7.500,1.500,2.500,4,tension-p,2.83720e-03,-2.52583e-03,3.79862e-03,-267944.95
119,8.500,1.500,2.500,4,tension-p,3.27602e-03,-2.52762e-03,4.13777e-03,-262400.86
120,9.500,1.500,2.500,4,tension-p,3.75329e-03,-2.54631e-03,4.53551e-03,-256367.61
121,0.500,2.500,2.500,5,shear-n tension-n,1.83494e-04,-2.66421e-03,2.67052e-03,-287715.27
122,1.500,2.500,2.500,5,shear-n tension-n,5.51755e-04,-2.65650e-03,2.71320e-03,-287044.23
123,2.500,2.500,2.500,5,shear-n tension-n,9.22173e-04,-2.64150e-03,2.79784e-03,-285732.82
124,3.500,2.500,2.500,5,shear-n tension-n,1.29310e-03,-2.61999e-03,2.92172e-03,-283735.64
125,4.500,2.500,2.500,4,tension-p,1.66356e-03,-2.59354e-03,3.08122e-03,-280992.15
126,5.500,2.500,2.500,4,tension-p,2.03836e-03,-2.56470e-03,3.27606e-03,-277252.38
127,6.500,2.500,2.500,4,tension-p,2.42611e-03,-2.53958e-03,3.51220e-03,-272903.11
128,7.500,2.500,2.500,4,tension-p,2.83564e-03,-2.52546e-03,3.79721e-03,-267931.51
129,8.500,2.500,2.500,4,tension-p,3.27582e-03,-2.52702e-03,4.13725e-03,-262364.06
130,9.500,2.500,2.500,4,tension-p,3.75351e-03,-2.54651e-03,4.53581e-03,-256381.99
131,0.500,3.500,2.500,5,shear-n tension-n,1.83721e-04,-2.66395e-03,2.67028e-03,-287696.70
132,1.500,3.500,2.500,5,shear-n tension-n,5.51457e-04,-2.65624e-03,2.71288e-03,-287035.06
133,2.500,3.500,2.500,5,shear-n tension-n,9.21157e-04,-2.64138e-03,2.79739e-03,-285722.75
134,3.500,3.500,2.500,5,shear-n tension-n,1.29230e-03,-2.62005e-03,2.92142e-03,-283740.43
135,4.500,3.500,2.500,4,tension-p,1.66275e-03,-2.59368e-03,3.08089e-03,-280994.60
136,5.500,3.500,2.500,4,tension-p,2.03707e-03,-2.56474e-03,3.27530e-03,-277262.15
137,6.500,3.500,2.500,4,tension-p,2.42444e-03,-2.53939e-03,3.51090e-03,-272907.39
138,7.500,3.500,2.500,4,tension-p,2.83407e-03,-2.52490e-03,3.79567e-03,-267922.88
139,8.500,3.500,2.500,4,tension-p,3.27462e-03,-2.52636e-03,4.13590e-03,-262343.05
140,9.500,3.500,2.500,4,tension-p,3.75180e-03,-2.54662e-03,4.53445e-03,-256403.51
141,0.500,4.500,2.500,5,shear-n tension-n,1.83665e-04,-2.66382e-03,2.67014e-03,-287694.11
142,1.500,4.500,2.500,5,shear-n tension-n,5.51927e-04,-2.65608e-03,2.71282e-03,-287036.33
143,2.500,4.500,2.500,5,shear-n tension-n,9.21878e-04,-2.64124e-03,2.79750e-03,-285729.62
144,3.500,4.500,2.500,5,shear-n tension-n,1.29194e-03,-2.62002e-03,2.92124e-03,-283754.93
145,4.500,4.500,2.500,4,tension-p,1.66115e-03,-2.59383e-03,3.08016e-03,-281007.13
146,5.500,4.500,2.500,4,tension-p,2.03460e-03,-2.56500e-03,3.27396e-03,-277287.92
147,6.500,4.500,2.500,4,tension-p,2.42134e-03,-2.53956e-03,3.50888e-03,-272923.18
148,7.500,4.500,2.500,4,tension-p,2.83064e-03,-2.52482e-03,3.79305e-03,-267913.58
149,8.500,4.500,2.500,4,tension-p,3.27143e-03,-2.52623e-03,4.13330e-03,-262325.36
150,9.500,4.500,2.500,4,tension-p,3.74960e-03,-2.54668e-03,4.53267e-03,-256407.39
151,0.500,0.500,3.500,5,shear-n tension-n,2.63844e-04,-4.05398e-03,4.06256e-03,-273559.30
152,1.500,0.500,3.500,5,shear-n tension-n,7.92821e-04,-4.04518e-03,4.12214e-03,-272914.56
153,2.500,0.500,3.500,5,shear-n tension-n,1.32405e-03,-4.02653e-03,4.23864e-03,-271594.98
154,3.500,0.500,3.500,5,shear-n tension-n,1.85738e-03,-3.99689e-03,4.40738e-03,-269574.83
155,4.500,0.500,3.500,5,shear-n tension-n,2.39576e-03,-3.96099e-03,4.62916e-03,-266674.99
156,5.500,0.500,3.500,4,tension-p,2.94838e-03,-3.92766e-03,4.91116e-03,-262917.97
157,6.500,0.500,3.500,4,tension-p,3.52924e-03,-3.90692e-03,5.26494e-03,-258430.22
158,7.500,0.500,3.500,4,tension-p,4.15321e-03,-3.90861e-03,5.70319e-03,-253345.65
159,8.500,0.500,3.500,4,tension-p,4.83197e-03,-3.93670e-03,6.23262e-03,-247789.80
160,9.500,0.500,3.500,4,tension-p,5.57014e-03,-3.98679e-03,6.84989e-03,-241583.62
161,0.500,1.500,3.500,5,shear-n tension-n,2.64689e-04,-4.05421e-03,4.06284e-03,-273562.55
162,1.500,1.500,3.500,5,shear-n tension-n,7.94574e-04,-4.04526e-03,4.12256e-03,-272923.97
163,2.500,1.500,3.500,5,shear-n tension-n,1.32582e-03,-4.02651e-03,4.23918e-03,-271619.86
164,3.500,1.500,3.500,5,shear-n tension-n,1.85868e-03,-3.99697e-03,4.40800e-03,-269598.64
165,4.500,1.500,3.500,5,shear-n tension-n,2.39649e-03,-3.96092e-03,4.62948e-03,-266693.69
166,5.500,1.500,3.500,4,tension-p,2.94911e-03,-3.92721e-03,4.91123e-03,-262928.34
167,6.500,1.500,3.500,4,tension-p,3.52989e-03,-3.90639e-03,5.26498e-03,-258434.72
168,7.500,1.500,3.500,4,tension-p,4.15314e-03,-3.90844e-03,5.70302e-03,-253348.85
169,8.500,1.500,3.500,4,tension-p,4.83158e-03,-3.93684e-03,6.23240e-03,-247787.04
170,9.500,1.500,3.500,4,tension-p,5.57067e-03,-3.98709e-03,6.85049e-03,-241562.07
171,0.500,2.500,3.500,5,shear-n tension-n,2.63498e-04,-4.05425e-03,4.06280e-03,-273580.21
172,1.500,2.500,3.500,5,shear-n tension-n,7.92329e-04,-4.04524e-03,4.12210e-03,-272934.77
173,2.500,2.500,3.500,5,shear-n tension-n,1.32348e-03,-4.02650e-03,4.23843e-03,-271600.39
174,3.500,2.500,3.500,5,shear-n tension-n,1.85621e-03,-3.99699e-03,4.40697e-03,-269590.00
175,4.500,2.500,3.500,4,tension-p,2.39417e-03,-3.96083e-03,4.62820e-03,-266706.54
176,5.500,2.500,3.500,4,tension-p,2.94667e-03,-3.92696e-03,4.90957e-03,-262918.95
177,6.500,2.500,3.500,4,tension-p,3.52770e-03,-3.90630e-03,5.26344e-03,-258429.56
178,7.500,2.500,3.500,4,tension-p,4.15240e-03,-3.90851e-03,5.70254e-03,-253348.48
179,8.500,2.500,3.500,4,tension-p,4.83263e-03,-3.93662e-03,6.23308e-03,-247733.04
180,9.500,2.500,3.500,4,tension-p,5.57173e-03,-3.98719e-03,6.85141e-03,-241584.13
181,0.500,3.500,3.500,5,shear-n tension-n,2.64189e-04,-4.05402e-03,4.06262e-03,-273562.04
182,1.500,3.500,3.500,5,shear-n tension-n,7.92793e-04,-4.04501e-03,4.12197e-03,-272909.96
183,2.500,3.500,3.500,5,shear-n tension-n,1.32291e-03,-4.02626e-03,4.23803e-03,-271599.39
184,3.500,3.500,3.500,5,shear-n tension-n,1.85565e-03,-3.99677e-03,4.40654e-03,-269596.27
185,4.500,3.500,3.500,5,shear-n tension-n,2.39327e-03,-3.96058e-03,4.62752e-03,-266721.63
186,5.500,3.500,3.500,4,tension-p,2.94513e-03,-3.92666e-03,4.90840e-03,-262930.96
187,6.500,3.500,3.500,4,tension-p,3.52626e-03,-3.90629e-03,5.26247e-03,-258425.66
188,7.500,3.500,3.500,4,tension-p,4.15122e-03,-3.90874e-03,5.70183e-03,-253344.37
189,8.500,3.500,3.500,4,tension-p,4.83140e-03,-3.93664e-03,6.23214e-03,-247698.69
190,9.500,3.500,3.500,4,tension-p,5.56954e-03,-3.98751e-03,6.84982e-03,-241592.50
191,0.500,4.500,3.500,5,shear-n tension-n,2.63917e-04,-4.05399e-03,4.06258e-03,-273562.54
192,1.500,4.500,3.500,5,shear-n tension-n,7.92874e-04,-4.04490e-03,4.12187e-03,-272924.76
193,2.500,4.500,3.500,5,shear-n tension-n,1.32353e-03,-4.02596e-03,4.23793e-03,-271597.16
194,3.500,4.500,3.500,5,shear-n tension-n,1.85531e-03,-3.99645e-03,4.40611e-03,-269583.43
195,4.500,4.500,3.500,5,shear-n tension-n,2.39125e-03,-3.96037e-03,4.62630e-03,-266740.86
196,5.500,4.500,3.500,4,tension-p,2.94188e-03,-3.92662e-03,4.90642e-03,-262937.43
197,6.500,4.500,3.500,4,tension-p,3.52206e-03,-3.90672e-03,5.25998e-03,-258457.79
198,7.500,4.500,3.500,4,tension-p,4.14698e-03,-3.90939e-03,5.69919e-03,-253311.73
199,8.500,4.500,3.500,4,tension-p,4.82790e-03,-3.93706e-03,6.22969e-03,-247712.21
200,9.500,4.500,3.500,4,tension-p,5.56741e-03,-3.98769e-03,6.84819e-03,-241575.63
201,0.500,0.500,4.500,5,shear-n tension-n,3.46715e-04,-5.62930e-03,5.63996e-03,-259243.09
202,1.500,0.500,4.500,5,shear-n tension-n,1.04001e-03,-5.61755e-03,5.71301e-03,-258608.97
203,2.500,0.500,4.500,5,shear-n tension-n,1.73320e-03,-5.59352e-03,5.85589e-03,-257280.46
204,3.500,0.500,4.500,5,shear-n tension-n,2.43120e-03,-5.55979e-03,6.06811e-03,-255262.15
205,4.500,0.500,4.500,4,tension-p,3.14731e-03,-5.52343e-03,6.35719e-03,-252234.64
206,5.500,0.500,4.500,4,tension-p,3.89813e-03,-5.49801e-03,6.73970e-03,-248485.61
207,6.500,0.500,4.500,4,tension-p,4.70230e-03,-5.49907e-03,7.23542e-03,-243709.63
208,7.500,0.500,4.500,4,tension-p,5.57476e-03,-5.53592e-03,7.85649e-03,-238645.89
209,8.500,0.500,4.500,4,tension-p,6.51795e-03,-5.60221e-03,8.59468e-03,-232886.15
210,9.500,0.500,4.500,4,tension-p,7.51402e-03,-5.67444e-03,9.41593e-03,-226629.65
211,0.500,1.500,4.500,5,shear-n tension-n,3.47556e-04,-5.62937e-03,5.64009e-03,-259272.04
212,1.500,1.500,4.500,5,shear-n tension-n,1.04194e-03,-5.61760e-03,5.71341e-03,-258609.43
213,2.500,1.500,4.500,5,shear-n tension-n,1.73516e-03,-5.59341e-03,5.85637e-03,-257301.01
214,3.500,1.500,4.500,5,shear-n tension-n,2.43242e-03,-5.55953e-03,6.06836e-03,-255286.50
215,4.500,1.500,4.500,4,tension-p,3.14772e-03,-5.52320e-03,6.35719e-03,-252267.06
216,5.500,1.500,4.500,4,tension-p,3.89835e-03,-5.49773e-03,6.73960e-03,-248476.81
217,6.500,1.500,4.500,4,tension-p,4.70234e-03,-5.49877e-03,7.23523e-03,-243691.05
218,7.500,1.500,4.500,4,tension-p,5.57427e-03,-5.53597e-03,7.85618e-03,-238641.64
219,8.500,1.500,4.500,4,tension-p,6.51796e-03,-5.60237e-03,8.59478e-03,-232870.60
220,9.500,1.500,4.500,4,tension-p,7.51562e-03,-5.67434e-03,9.41715e-03,-226637.16
221,0.500,2.500,4.500,5,shear-n tension-n,3.46077e-04,-5.62944e-03,5.64007e-03,-259265.45
222,1.500,2.500,4.500,5,shear-n tension-n,1.03874e-03,-5.61766e-03,5.71289e-03,-258632.17
223,2.500,2.500,4.500,5,shear-n tension-n,1.73176e-03,-5.59332e-03,5.85528e-03,-257290.21
224,3.500,2.500,4.500,5,shear-n tension-n,2.42917e-03,-5.55911e-03,6.06668e-03,-255274.27
225,4.500,2.500,4.500,4,tension-p,3.14494e-03,-5.52265e-03,6.35534e-03,-252274.37
226,5.500,2.500,4.500,4,tension-p,3.89621e-03,-5.49738e-03,6.73808e-03,-248476.53
227,6.500,2.500,4.500,4,tension-p,4.70103e-03,-5.49894e-03,7.23450e-03,-243700.61
228,7.500,2.500,4.500,4,tension-p,5.57450e-03,-5.53657e-03,7.85676e-03,-238647.31
229,8.500,2.500,4.500,4,tension-p,6.51961e-03,-5.60275e-03,8.59628e-03,-232854.42
230,9.500,2.500,4.500,4,tension-p,7.51696e-03,-5.67447e-03,9.41830e-03,-226654.72
231,0.500,3.500,4.500,5,shear-n tension-n,3.47094e-04,-5.62932e-03,5.64001e-03,-259261.86
232,1.500,3.500,4.500,5,shear-n tension-n,1.04000e-03,-5.61744e-03,5.71290e-03,-258595.04
233,2.500,3.500,4.500,5,shear-n tension-n,1.73178e-03,-5.59296e-03,5.85493e-03,-257279.46
234,3.500,3.500,4.500,5,shear-n tension-n,2.42882e-03,-5.55842e-03,6.06590e-03,-255277.05
235,4.500,3.500,4.500,4,tension-p,3.14421e-03,-5.52179e-03,6.35423e-03,-252301.04
236,5.500,3.500,4.500,4,tension-p,3.89527e-03,-5.49679e-03,6.73704e-03,-248463.23
237,6.500,3.500,4.500,4,tension-p,4.70083e-03,-5.49905e-03,7.23446e-03,-243695.30
238,7.500,3.500,4.500,4,tension-p,5.57407e-03,-5.53748e-03,7.85709e-03,-238632.35
239,8.500,3.500,4.500,4,tension-p,6.51784e-03,-5.60374e-03,8.59559e-03,-232831.61
240,9.500,3.500,4.500,4,tension-p,7.51402e-03,-5.67511e-03,9.41633e-03,-226653.44
241,0.500,4.500,4.500,5,shear-n tension-n,3.46634e-04,-5.62951e-03,5.64017e-03,-259262.08
242,1.500,4.500,4.500,5,shear-n tension-n,1.03949e-03,-5.61744e-03,5.71281e-03,-258616.55
243,2.500,4.500,4.500,5,shear-n tension-n,1.73196e-03,-5.59274e-03,5.85478e-03,-257283.88
244,3.500,4.500,4.500,5,shear-n tension-n,2.42856e-03,-5.55792e-03,6.06534e-03,-255254.62
245,4.500,4.500,4.500,4,tension-p,3.14218e-03,-5.52123e-03,6.35274e-03,-252314.54
246,5.500,4.500,4.500,4,tension-p,3.89158e-03,-5.49658e-03,6.73475e-03,-248453.19
247,6.500,4.500,4.500,4,tension-p,4.69581e-03,-5.49962e-03,7.23163e-03,-243708.93
248,7.500,4.500,4.500,4,tension-p,5.56894e-03,-5.53855e-03,7.85421e-03,-238613.30
249,8.500,4.500,4.500,4,tension-p,6.51378e-03,-5.60455e-03,8.59304e-03,-232836.58
250,9.500,4.500,4.500,4,tension-p,7.51138e-03,-5.67532e-03,9.41435e-03,-226637.21
251,0.500,0.500,5.500,5,shear-n tension-n,4.28508e-04,-7.37623e-03,7.38866e-03,-244767.76
252,1.500,0.500,5.500,5,shear-n tension-n,1.28414e-03,-7.35842e-03,7.46963e-03,-244098.75
253,2.500,0.500,5.500,5,shear-n tension-n,2.14028e-03,-7.32872e-03,7.63485e-03,-242753.91
254,3.500,0.500,5.500,5,shear-n tension-n,3.00963e-03,-7.29875e-03,7.89491e-03,-240694.16
255,4.500,0.500,5.500,5,shear-n tension-n,3.91578e-03,-7.27981e-03,8.26614e-03,-237666.87
256,5.500,0.500,5.500,4,tension-p,4.88490e-03,-7.28452e-03,8.77077e-03,-233696.77
257,6.500,0.500,5.500,4,tension-p,5.93459e-03,-7.32549e-03,9.42773e-03,-228794.36
258,7.500,0.500,5.500,4,tension-p,7.06078e-03,-7.39944e-03,1.02277e-02,-223672.40
259,8.500,0.500,5.500,4,tension-p,8.23164e-03,-7.47479e-03,1.11190e-02,-217711.82
260,9.500,0.500,5.500,4,tension-p,9.37903e-03,-7.49370e-03,1.20051e-02,-211260.91
261,0.500,1.500,5.500,4,tension-p,4.29074e-04,-7.37607e-03,7.38854e-03,-244793.73
262,1.500,1.500,5.500,5,shear-n tension-n,1.28565e-03,-7.35834e-03,7.46981e-03,-244104.16
263,2.500,1.500,5.500,5,shear-n tension-n,2.14178e-03,-7.32851e-03,7.63507e-03,-242782.30
264,3.500,1.500,5.500,5,shear-n tension-n,3.01033e-03,-7.29824e-03,7.89470e-03,-240716.95
265,4.500,1.500,5.500,5,shear-n tension-n,3.91553e-03,-7.27944e-03,8.26569e-03,-237700.89
266,5.500,1.500,5.500,4,tension-p,4.88408e-03,-7.28458e-03,8.77036e-03,-233664.17
267,6.500,1.500,5.500,4,tension-p,5.93366e-03,-7.32572e-03,9.42733e-03,-228764.52
268,7.500,1.500,5.500,4,tension-p,7.05987e-03,-7.39997e-03,1.02275e-02,-223657.18
269,8.500,1.500,5.500,4,tension-p,8.23201e-03,-7.47520e-03,1.11196e-02,-217691.10
270,9.500,1.500,5.500,4,tension-p,9.38144e-03,-7.49355e-03,1.20069e-02,-211296.67
271,0.500,2.500,5.500,4,tension-p,4.27533e-04,-7.37609e-03,7.38847e-03,-244788.88
272,1.500,2.500,5.500,5,shear-n tension-n,1.28171e-03,-7.35826e-03,7.46905e-03,-244137.19
273,2.500,2.500,5.500,5,shear-n tension-n,2.13739e-03,-7.32812e-03,7.63347e-03,-242776.19
274,3.500,2.500,5.500,5,shear-n tension-n,3.00687e-03,-7.29740e-03,7.89262e-03,-240704.49
275,4.500,2.500,5.500,5,shear-n tension-n,3.91356e-03,-7.27853e-03,8.26396e-03,-237689.40
276,5.500,2.500,5.500,4,tension-p,4.88346e-03,-7.28430e-03,8.76979e-03,-233672.27
277,6.500,2.500,5.500,4,tension-p,5.93362e-03,-7.32625e-03,9.42771e-03,-228787.18
278,7.500,2.500,5.500,4,tension-p,7.06075e-03,-7.40091e-03,1.02288e-02,-223665.61
279,8.500,2.500,5.500,4,tension-p,8.23367e-03,-7.47611e-03,1.11214e-02,-217714.58
280,9.500,2.500,5.500,4,tension-p,9.38297e-03,-7.49427e-03,1.20085e-02,-211270.89
281,0.500,3.500,5.500,4,tension-p,4.28435e-04,-7.37606e-03,7.38850e-03,-244777.80
282,1.500,3.500,5.500,5,shear-n tension-n,1.28326e-03,-7.35805e-03,7.46911e-03,-244079.28
283,2.500,3.500,5.500,5,shear-n tension-n,2.13782e-03,-7.32777e-03,7.63325e-03,-242766.56
284,3.500,3.500,5.500,5,shear-n tension-n,3.00662e-03,-7.29658e-03,7.89176e-03,-240707.33
285,4.500,3.500,5.500,5,shear-n tension-n,3.91329e-03,-7.27739e-03,8.26282e-03,-237713.86
286,5.500,3.500,5.500,4,tension-p,4.88363e-03,-7.28352e-03,8.76924e-03,-233651.80
287,6.500,3.500,5.500,4,tension-p,5.93497e-03,-7.32619e-03,9.42852e-03,-228785.64
288,7.500,3.500,5.500,4,tension-p,7.06133e-03,-7.40182e-03,1.02298e-02,-223639.64
289,8.500,3.500,5.500,4,tension-p,8.23150e-03,-7.47776e-03,1.11209e-02,-217745.94
290,9.500,3.500,5.500,4,tension-p,9.37958e-03,-7.49581e-03,1.20068e-02,-211259.98
291,0.500,4.500,5.500,4,tension-p,4.27988e-04,-7.37634e-03,7.38875e-03,-244788.08
292,1.500,4.500,5.500,5,shear-n tension-n,1.28248e-03,-7.35820e-03,7.46913e-03,-244115.16
293,2.500,4.500,5.500,5,shear-n tension-n,2.13753e-03,-7.32779e-03,7.63319e-03,-242775.60
294,3.500,4.500,5.500,5,shear-n tension-n,3.00611e-03,-7.29621e-03,7.89122e-03,-240698.42
295,4.500,4.500,5.500,4,tension-p,3.91123e-03,-7.27689e-03,8.26140e-03,-237700.73
296,5.500,4.500,5.500,4,tension-p,4.87967e-03,-7.28336e-03,8.76690e-03,-233632.33
297,6.500,4.500,5.500,4,tension-p,5.92911e-03,-7.32658e-03,9.42513e-03,-228802.97
298,7.500,4.500,5.500,4,tension-p,7.05548e-03,-7.40282e-03,1.02265e-02,-223610.92
299,8.500,4.500,5.500,4,tension-p,8.22739e-03,-7.47880e-03,1.11186e-02,-217724.61
300,9.500,4.500,5.500,4,tension-p,9.37705e-03,-7.49643e-03,1.20052e-02,-211249.96
301,0.500,0.500,6.500,4,tension-p,5.05276e-04,-9.27382e-03,9.28757e-03,-230082.54
302,1.500,0.500,6.500,4,tension-p,1.51736e-03,-9.25149e-03,9.37510e-03,-229406.66
303,2.500,0.500,6.500,4,tension-p,2.53925e-03,-9.22174e-03,9.56495e-03,-227983.29
304,3.500,0.500,6.500,5,shear-n tension-n,3.58955e-03,-9.20662e-03,9.88163e-03,-225782.80
305,4.500,0.500,6.500,5,shear-n tension-n,4.69571e-03,-9.22340e-03,1.03499e-02,-222750.59
306,5.500,0.500,6.500,4,tension-p,5.88639e-03,-9.27758e-03,1.09874e-02,-218526.68
307,6.500,0.500,6.500,4,tension-p,7.16467e-03,-9.35755e-03,1.17854e-02,-213665.62
308,7.500,0.500,6.500,4,tension-p,8.48484e-03,-9.42620e-03,1.26825e-02,-208363.35
309,8.500,0.500,6.500,4,tension-p,9.75720e-03,-9.41542e-03,1.35592e-02,-202312.60
310,9.500,0.500,6.500,4,tension-p,1.08603e-02,-9.23546e-03,1.42562e-02,-195908.19
311,0.500,1.500,6.500,4,tension-p,5.05555e-04,-9.27359e-03,9.28736e-03,-230096.76
312,1.500,1.500,6.500,4,tension-p,1.51833e-03,-9.25122e-03,9.37499e-03,-229420.47
313,2.500,1.500,6.500,4,tension-p,2.54001e-03,-9.22139e-03,9.56481e-03,-228020.55
314,3.500,1.500,6.500,5,shear-n tension-n,3.58916e-03,-9.20616e-03,9.88107e-03,-225796.65
315,4.500,1.500,6.500,5,shear-n tension-n,4.69417e-03,-9.22318e-03,1.03490e-02,-222785.73
316,5.500,1.500,6.500,4,tension-p,5.88438e-03,-9.27798e-03,1.09867e-02,-218508.14
317,6.500,1.500,6.500,4,tension-p,7.16285e-03,-9.35827e-03,1.17849e-02,-213626.88
318,7.500,1.500,6.500,4,tension-p,8.48372e-03,-9.42695e-03,1.26823e-02,-208333.51
319,8.500,1.500,6.500,4,tension-p,9.75797e-03,-9.41602e-03,1.35602e-02,-202311.79
320,9.500,1.500,6.500,4,tension-p,1.08632e-02,-9.23572e-03,1.42586e-02,-195895.46
321,0.500,2.500,6.500,4,tension-p,5.04019e-04,-9.27330e-03,9.28699e-03,-230106.32
322,1.500,2.500,6.500,4,tension-p,1.51398e-03,-9.25088e-03,9.37395e-03,-229448.58
323,2.500,2.500,6.500,4,tension-p,2.53513e-03,-9.22094e-03,9.56308e-03,-228001.52
324,3.500,2.500,6.500,5,shear-n tension-n,3.58602e-03,-9.20557e-03,9.87937e-03,-225801.69
325,4.500,2.500,6.500,5,shear-n tension-n,4.69394e-03,-9.22257e-03,1.03484e-02,-222750.97
326,5.500,2.500,6.500,4,tension-p,5.88605e-03,-9.27780e-03,1.09874e-02,-218527.91
327,6.500,2.500,6.500,4,tension-p,7.16400e-03,-9.35881e-03,1.17860e-02,-213671.46
328,7.500,2.500,6.500,4,tension-p,8.48485e-03,-9.42796e-03,1.26838e-02,-208355.78
329,8.500,2.500,6.500,4,tension-p,9.75976e-03,-9.41715e-03,1.35623e-02,-202328.97
330,9.500,2.500,6.500,4,tension-p,1.08651e-02,-9.23701e-03,1.42609e-02,-195883.48
331,0.500,3.500,6.500,4,tension-p,5.04714e-04,-9.27324e-03,9.28697e-03,-230076.60
332,1.500,3.500,6.500,4,tension-p,1.51549e-03,-9.25076e-03,9.37407e-03,-229390.39
333,2.500,3.500,6.500,4,tension-p,2.53591e-03,-9.22060e-03,9.56296e-03,-228005.18
334,3.500,3.500,6.500,5,shear-n tension-n,3.58627e-03,-9.20507e-03,9.87900e-03,-225798.92
335,4.500,3.500,6.500,5,shear-n tension-n,4.69438e-03,-9.22197e-03,1.03480e-02,-222753.22
336,5.500,3.500,6.500,4,tension-p,5.88727e-03,-9.27722e-03,1.09876e-02,-218501.75
337,6.500,3.500,6.500,4,tension-p,7.16697e-03,-9.35855e-03,1.17876e-02,-213650.12
338,7.500,3.500,6.500,4,tension-p,8.48665e-03,-9.42874e-03,1.26856e-02,-208363.67
339,8.500,3.500,6.500,4,tension-p,9.75780e-03,-9.41918e-03,1.35623e-02,-202336.99
340,9.500,3.500,6.500,4,tension-p,1.08616e-02,-9.23953e-03,1.42598e-02,-195870.40
341,0.500,4.500,6.500,4,tension-p,5.04315e-04,-9.27343e-03,9.28713e-03,-230105.72
342,1.500,4.500,6.500,4,tension-p,1.51456e-03,-9.25091e-03,9.37407e-03,-229434.38
343,2.500,4.500,6.500,5,shear-n tension-n,2.53514e-03,-9.22055e-03,9.56271e-03,-228009.95
344,3.500,4.500,6.500,5,shear-n tension-n,3.58511e-03,-9.20492e-03,9.87844e-03,-225796.82
345,4.500,4.500,6.500,5,shear-n tension-n,4.69183e-03,-9.22192e-03,1.03468e-02,-222741.58
346,5.500,4.500,6.500,4,tension-p,5.88297e-03,-9.27743e-03,1.09854e-02,-218514.68
347,6.500,4.500,6.500,4,tension-p,7.16077e-03,-9.35904e-03,1.17842e-02,-213628.51
348,7.500,4.500,6.500,4,tension-p,8.48084e-03,-9.42978e-03,1.26825e-02,-208354.08
349,8.500,4.500,6.500,4,tension-p,9.75437e-03,-9.42063e-03,1.35608e-02,-202317.00
350,9.500,4.500,6.500,4,tension-p,1.08602e-02,-9.24091e-03,1.42597e-02,-195853.88
351,0.500,0.500,7.500,4,tension-p,5.76194e-04,-1.12974e-02,1.13121e-02,-215216.68
352,1.500,0.500,7.500,4,tension-p,1.73633e-03,-1.12779e-02,1.14108e-02,-214422.67
353,2.500,0.500,7.500,4,tension-p,2.92242e-03,-1.12596e-02,1.16327e-02,-212832.18
354,3.500,0.500,7.500,4,tension-p,4.15590e-03,-1.12710e-02,1.20128e-02,-210481.33
355,4.500,0.500,7.500,4,tension-p,5.45822e-03,-1.13316e-02,1.25776e-02,-207295.59
356,5.500,0.500,7.500,4,tension-p,6.83923e-03,-1.14295e-02,1.33195e-02,-203123.51
357,6.500,0.500,7.500,4,tension-p,8.26845e-03,-1.15077e-02,1.41702e-02,-198317.10
358,7.500,0.500,7.500,5,shear-n tension-n,9.65192e-03,-1.14754e-02,1.49948e-02,-192957.30
359,8.500,0.500,7.500,4,tension-p,1.08530e-02,-1.12364e-02,1.56219e-02,-187094.26
360,9.500,0.500,7.500,5,shear-n tension-n,1.17486e-02,-1.07180e-02,1.59029e-02,-181275.58
361,0.500,1.500,7.500,4,tension-p,5.76746e-04,-1.12972e-02,1.13119e-02,-215238.05
362,1.500,1.500,7.500,4,tension-p,1.73751e-03,-1.12775e-02,1.14105e-02,-214426.87
363,2.500,1.500,7.500,4,tension-p,2.92263e-03,-1.12593e-02,1.16324e-02,-212870.15
364,3.500,1.500,7.500,4,tension-p,4.15423e-03,-1.12710e-02,1.20122e-02,-210478.23
365,4.500,1.500,7.500,4,tension-p,5.45483e-03,-1.13319e-02,1.25765e-02,-207334.94
366,5.500,1.500,7.500,4,tension-p,6.83577e-03,-1.14302e-02,1.33183e-02,-203098.45
367,6.500,1.500,7.500,4,tension-p,8.26601e-03,-1.15083e-02,1.41692e-02,-198292.37
368,7.500,1.500,7.500,5,shear-n tension-n,9.65098e-03,-1.14758e-02,1.49945e-02,-192892.61
369,8.500,1.500,7.500,4,tension-p,1.08544e-02,-1.12368e-02,1.56232e-02,-187120.10
370,9.500,1.500,7.500,5,shear-n tension-n,1.17515e-02,-1.07183e-02,1.59053e-02,-181227.28
371,0.500,2.500,7.500,4,tension-p,5.74781e-04,-1.12967e-02,1.13113e-02,-215228.03
372,1.500,2.500,7.500,4,tension-p,1.73277e-03,-1.12771e-02,1.14095e-02,-214454.19
373,2.500,2.500,7.500,4,tension-p,2.91818e-03,-1.12592e-02,1.16312e-02,-212842.80
374,3.500,2.500,7.500,4,tension-p,4.15203e-03,-1.12710e-02,1.20114e-02,-210492.40
375,4.500,2.500,7.500,4,tension-p,5.45622e-03,-1.13321e-02,1.25772e-02,-207300.21
376,5.500,2.500,7.500,4,tension-p,6.83907e-03,-1.14303e-02,1.33201e-02,-203134.44
377,6.500,2.500,7.500,4,tension-p,8.26758e-03,-1.15086e-02,1.41704e-02,-198347.07
378,7.500,2.500,7.500,5,shear-n tension-n,9.65177e-03,-1.14765e-02,1.49956e-02,-192918.61
379,8.500,2.500,7.500,4,tension-p,1.08559e-02,-1.12377e-02,1.56249e-02,-187113.46
380,9.500,2.500,7.500,5,shear-n tension-n,1.17530e-02,-1.07192e-02,1.59070e-02,-181220.26
381,0.500,3.500,7.500,4,tension-p,5.75806e-04,-1.12963e-02,1.13110e-02,-215212.35
382,1.500,3.500,7.500,4,tension-p,1.73476e-03,-1.12769e-02,1.14096e-02,-214410.91
383,2.500,3.500,7.500,4,tension-p,2.91958e-03,-1.12589e-02,1.16313e-02,-212851.30
384,3.500,3.500,7.500,4,tension-p,4.15338e-03,-1.12710e-02,1.20119e-02,-210477.30
385,4.500,3.500,7.500,4,tension-p,5.45745e-03,-1.13325e-02,1.25781e-02,-207299.48
386,5.500,3.500,7.500,4,tension-p,6.84084e-03,-1.14307e-02,1.33214e-02,-203116.40
387,6.500,3.500,7.500,4,tension-p,8.27214e-03,-1.15086e-02,1.41730e-02,-198301.88
388,7.500,3.500,7.500,5,shear-n tension-n,9.65499e-03,-1.14770e-02,1.49980e-02,-192980.65
389,8.500,3.500,7.500,4,tension-p,1.08543e-02,-1.12394e-02,1.56250e-02,-187102.56
390,9.500,3.500,7.500,5,shear-n tension-n,1.17490e-02,-1.07214e-02,1.59056e-02,-181248.31
391,0.500,4.500,7.500,4,tension-p,5.75172e-04,-1.12961e-02,1.13107e-02,-215232.22
392,1.500,4.500,7.500,4,tension-p,1.73331e-03,-1.12767e-02,1.14091e-02,-214445.46
393,2.500,4.500,7.500,4,tension-p,2.91825e-03,-1.12587e-02,1.16307e-02,-212846.40
394,3.500,4.500,7.500,4,tension-p,4.15164e-03,-1.12710e-02,1.20113e-02,-210477.62
395,4.500,4.500,7.500,4,tension-p,5.45441e-03,-1.13329e-02,1.25772e-02,-207298.95
396,5.500,4.500,7.500,4,tension-p,6.83642e-03,-1.14315e-02,1.33197e-02,-203123.24
397,6.500,4.500,7.500,4,tension-p,8.26591e-03,-1.15095e-02,1.41702e-02,-198298.04
398,7.500,4.500,7.500,5,shear-n tension-n,9.64955e-03,-1.14781e-02,1.49954e-02,-192907.57
399,8.500,4.500,7.500,4,tension-p,1.08515e-02,-1.12408e-02,1.56241e-02,-187102.05
400,9.500,4.500,7.500,5,shear-n tension-n,1.17477e-02,-1.07228e-02,1.59055e-02,-181235.11
401,0.500,0.500,8.500,4,tension-p,6.39112e-04,-1.34201e-02,1.34353e-02,-200055.98
402,1.500,0.500,8.500,4,tension-p,1.93426e-03,-1.34124e-02,1.35511e-02,-199071.43
403,2.500,0.500,8.500,4,tension-p,3.27362e-03,-1.34178e-02,1.38114e-02,-197223.68
404,3.500,0.500,8.500,4,tension-p,4.67519e-03,-1.34634e-02,1.42520e-02,-194659.88
405,4.500,0.500,8.500,4,tension-p,6.14055e-03,-1.35552e-02,1.48812e-02,-191433.29
406,5.500,0.500,8.500,4,tension-p,7.63738e-03,-1.36474e-02,1.56391e-02,-187425.53
407,6.500,0.500,8.500,4,tension-p,9.08754e-03,-1.36348e-02,1.63857e-02,-183036.19
408,7.500,0.500,8.500,5,shear-n tension-n,1.03733e-02,-1.33817e-02,1.69315e-02,-177937.96
409,8.500,0.500,8.500,5,shear-n tension-n,1.13790e-02,-1.28036e-02,1.71293e-02,-172447.19
410,9.500,0.500,8.500,5,shear-n tension-n,1.20533e-02,-1.19121e-02,1.69464e-02,-167288.69
411,0.500,1.500,8.500,4,tension-p,6.40392e-04,-1.34199e-02,1.34352e-02,-200110.36
412,1.500,1.500,8.500,4,tension-p,1.93605e-03,-1.34121e-02,1.35511e-02,-199064.00
413,2.500,1.500,8.500,4,tension-p,3.27312e-03,-1.34177e-02,1.38112e-02,-197234.61
414,3.500,1.500,8.500,4,tension-p,4.67244e-03,-1.34636e-02,1.42514e-02,-194657.00
415,4.500,1.500,8.500,4,tension-p,6.13591e-03,-1.35558e-02,1.48799e-02,-191482.49
416,5.500,1.500,8.500,4,tension-p,7.63276e-03,-1.36482e-02,1.56375e-02,-187422.36
417,6.500,1.500,8.500,4,tension-p,9.08503e-03,-1.36352e-02,1.63847e-02,-183013.98
418,7.500,1.500,8.500,5,shear-n tension-n,1.03731e-02,-1.33819e-02,1.69315e-02,-177877.33
419,8.500,1.500,8.500,5,shear-n tension-n,1.13810e-02,-1.28037e-02,1.71307e-02,-172450.43
420,9.500,1.500,8.500,5,shear-n tension-n,1.20562e-02,-1.19120e-02,1.69483e-02,-167276.22
421,0.500,2.500,8.500,4,tension-p,6.37660e-04,-1.34194e-02,1.34345e-02,-200049.15
422,1.500,2.500,8.500,4,tension-p,1.93096e-03,-1.34118e-02,1.35501e-02,-199090.04
423,2.500,2.500,8.500,4,tension-p,3.26994e-03,-1.34178e-02,1.38105e-02,-197228.41
424,3.500,2.500,8.500,4,tension-p,4.67161e-03,-1.34640e-02,1.42515e-02,-194664.25
425,4.500,2.500,8.500,4,tension-p,6.13800e-03,-1.35565e-02,1.48814e-02,-191431.75
426,5.500,2.500,8.500,4,tension-p,7.63611e-03,-1.36489e-02,1.56397e-02,-187444.34
427,6.500,2.500,8.500,4,tension-p,9.08628e-03,-1.36356e-02,1.63857e-02,-183040.52
428,7.500,2.500,8.500,5,shear-n tension-n,1.03736e-02,-1.33821e-02,1.69319e-02,-177895.15
429,8.500,2.500,8.500,5,shear-n tension-n,1.13819e-02,-1.28038e-02,1.71314e-02,-172453.19
430,9.500,2.500,8.500,5,shear-n tension-n,1.20567e-02,-1.19120e-02,1.69488e-02,-167283.65
431,0.500,3.500,8.500,4,tension-p,6.39568e-04,-1.34184e-02,1.34337e-02,-200077.08
432,1.500,3.500,8.500,4,tension-p,1.93431e-03,-1.34113e-02,1.35500e-02,-199052.76
433,2.500,3.500,8.500,4,tension-p,3.27225e-03,-1.34178e-02,1.38110e-02,-197227.08
434,3.500,3.500,8.500,4,tension-p,4.67393e-03,-1.34644e-02,1.42526e-02,-194652.71
435,4.500,3.500,8.500,4,tension-p,6.14016e-03,-1.35575e-02,1.48831e-02,-191432.93
436,5.500,3.500,8.500,4,tension-p,7.63811e-03,-1.36501e-02,1.56418e-02,-187458.82
437,6.500,3.500,8.500,4,tension-p,9.09044e-03,-1.36360e-02,1.63883e-02,-182996.42
438,7.500,3.500,8.500,5,shear-n tension-n,1.03766e-02,-1.33819e-02,1.69337e-02,-177973.49
439,8.500,3.500,8.500,5,shear-n tension-n,1.13801e-02,-1.28042e-02,1.71305e-02,-172456.76
440,9.500,3.500,8.500,5,shear-n tension-n,1.20526e-02,-1.19129e-02,1.69465e-02,-167305.52
441,0.500,4.500,8.500,4,tension-p,6.38405e-04,-1.34177e-02,1.34329e-02,-200060.06
442,1.500,4.500,8.500,4,tension-p,1.93199e-03,-1.34108e-02,1.35492e-02,-199076.06
443,2.500,4.500,8.500,4,tension-p,3.27053e-03,-1.34177e-02,1.38105e-02,-197218.06
444,3.500,4.500,8.500,4,tension-p,4.67221e-03,-1.34647e-02,1.42523e-02,-194648.23
445,4.500,4.500,8.500,4,tension-p,6.13724e-03,-1.35581e-02,1.48825e-02,-191439.10
446,5.500,4.500,8.500,4,tension-p,7.63391e-03,-1.36512e-02,1.56407e-02,-187468.16
447,6.500,4.500,8.500,4,tension-p,9.08470e-03,-1.36374e-02,1.63863e-02,-182991.09
448,7.500,4.500,8.500,5,shear-n tension-n,1.03714e-02,-1.33830e-02,1.69314e-02,-177891.97
449,8.500,4.500,8.500,5,shear-n tension-n,1.13768e-02,-1.28049e-02,1.71288e-02,-172476.87
450,9.500,4.500,8.500,5,shear-n tension-n,1.20502e-02,-1.19135e-02,1.69452e-02,-167300.63
451,0.500,0.500,9.500,4,tension-p,6.89474e-04,-1.56050e-02,1.56202e-02,-184379.25
452,1.500,0.500,9.500,4,tension-p,2.09438e-03,-1.56203e-02,1.57600e-02,-183246.69
453,2.500,0.500,9.500,4,tension-p,3.56118e-03,-1.56591e-02,1.60589e-02,-181178.03
454,3.500,0.500,9.500,4,tension-p,5.09317e-03,-1.57318e-02,1.65357e-02,-178463.70
455,4.500,0.500,9.500,4,tension-p,6.65308e-03,-1.58106e-02,1.71533e-02,-175310.98
456,5.500,0.500,9.500,4,tension-p,8.15602e-03,-1.58059e-02,1.77861e-02,-171634.58
457,6.500,0.500,9.500,4,tension-p,9.48871e-03,-1.55880e-02,1.82489e-02,-168035.35
458,7.500,0.500,9.500,5,shear-n tension-n,1.05785e-02,-1.50466e-02,1.83931e-02,-163647.35
459,8.500,0.500,9.500,5,shear-n tension-n,1.14323e-02,-1.41579e-02,1.81974e-02,-158493.04
460,9.500,0.500,9.500,13,shear-n tension-n,1.21136e-02,-1.30318e-02,1.77923e-02,-154174.94
461,0.500,1.500,9.500,4,tension-p,6.91387e-04,-1.56047e-02,1.56200e-02,-184435.48
462,1.500,1.500,9.500,4,tension-p,2.09665e-03,-1.56202e-02,1.57603e-02,-183235.83
463,2.500,1.500,9.500,4,tension-p,3.56012e-03,-1.56592e-02,1.60588e-02,-181185.94
464,3.500,1.500,9.500,4,tension-p,5.08997e-03,-1.57321e-02,1.65350e-02,-178467.69
465,4.500,1.500,9.500,4,tension-p,6.64879e-03,-1.58111e-02,1.71522e-02,-175341.53
466,5.500,1.500,9.500,4,tension-p,8.15191e-03,-1.58067e-02,1.77850e-02,-171644.47
467,6.500,1.500,9.500,4,tension-p,9.48697e-03,-1.55888e-02,1.82486e-02,-167962.67
468,7.500,1.500,9.500,5,shear-n tension-n,1.05791e-02,-1.50469e-02,1.83937e-02,-163635.00
469,8.500,1.500,9.500,5,shear-n tension-n,1.14346e-02,-1.41577e-02,1.81986e-02,-158489.09
470,9.500,1.500,9.500,13,shear-n tension-n,1.21164e-02,-1.30312e-02,1.77938e-02,-154165.71
471,0.500,2.500,9.500,4,tension-p,6.88083e-04,-1.56041e-02,1.56192e-02,-184374.73
472,1.500,2.500,9.500,4,tension-p,2.09155e-03,-1.56199e-02,1.57593e-02,-183263.31
473,2.500,2.500,9.500,4,tension-p,3.55829e-03,-1.56592e-02,1.60584e-02,-181185.94
474,3.500,2.500,9.500,4,tension-p,5.09012e-03,-1.57326e-02,1.65356e-02,-178448.14
475,4.500,2.500,9.500,4,tension-p,6.65042e-03,-1.58119e-02,1.71535e-02,-175328.72
476,5.500,2.500,9.500,4,tension-p,8.15417e-03,-1.58073e-02,1.77865e-02,-171649.20
477,6.500,2.500,9.500,5,shear-n tension-n,9.48785e-03,-1.55891e-02,1.82494e-02,-167972.46
478,7.500,2.500,9.500,5,shear-n tension-n,1.05792e-02,-1.50467e-02,1.83936e-02,-163662.98
479,8.500,2.500,9.500,5,shear-n tension-n,1.14349e-02,-1.41570e-02,1.81983e-02,-158496.29
480,9.500,2.500,9.500,13,shear-n tension-n,1.21167e-02,-1.30307e-02,1.77936e-02,-154174.09
481,0.500,3.500,9.500,4,tension-p,6.90919e-04,-1.56027e-02,1.56180e-02,-184386.76
482,1.500,3.500,9.500,4,tension-p,2.09643e-03,-1.56191e-02,1.57592e-02,-183221.77
483,2.500,3.500,9.500,4,tension-p,3.56133e-03,-1.56592e-02,1.60591e-02,-181190.22
484,3.500,3.500,9.500,4,tension-p,5.09293e-03,-1.57331e-02,1.65369e-02,-178440.10
485,4.500,3.500,9.500,4,tension-p,6.65338e-03,-1.58127e-02,1.71554e-02,-175340.47
486,5.500,3.500,9.500,4,tension-p,8.15611e-03,-1.58083e-02,1.77883e-02,-171673.40
487,6.500,3.500,9.500,5,shear-n tension-n,9.48954e-03,-1.55896e-02,1.82506e-02,-167958.97
488,7.500,3.500,9.500,5,shear-n tension-n,1.05798e-02,-1.50462e-02,1.83935e-02,-163684.54
489,8.500,3.500,9.500,5,shear-n tension-n,1.14329e-02,-1.41564e-02,1.81965e-02,-158525.76
490,9.500,3.500,9.500,13,shear-n tension-n,1.21132e-02,-1.30306e-02,1.77912e-02,-154184.38
491,0.500,4.500,9.500,4,tension-p,6.89412e-04,-1.56019e-02,1.56172e-02,-184369.87
492,1.500,4.500,9.500,4,tension-p,2.09354e-03,-1.56187e-02,1.57584e-02,-183238.56
493,2.500,4.500,9.500,4,tension-p,3.55954e-03,-1.56594e-02,1.60588e-02,-181175.02
494,3.500,4.500,9.500,4,tension-p,5.09163e-03,-1.57336e-02,1.65369e-02,-178446.39
495,4.500,4.500,9.500,4,tension-p,6.65124e-03,-1.58133e-02,1.71551e-02,-175320.05
496,5.500,4.500,9.500,4,tension-p,8.15296e-03,-1.58093e-02,1.77878e-02,-171693.45
497,6.500,4.500,9.500,5,shear-n tension-n,9.48528e-03,-1.55908e-02,1.82495e-02,-167944.98
498,7.500,4.500,9.500,5,shear-n tension-n,1.05751e-02,-1.50469e-02,1.83914e-02,-163659.52
499,8.500,4.500,9.500,5,shear-n tension-n,1.14288e-02,-1.41565e-02,1.81941e-02,-158514.84
500,9.500,4.500,9.500,13,shear-n tension-n,1.21105e-02,-1.30306e-02,1.77893e-02,-154190.59
501,0.500,0.500,10.500,4,tension-p,7.23540e-04,-1.78002e-02,1.78149e-02,-167936.54
502,1.500,0.500,10.500,4,tension-p,2.19947e-03,-1.78480e-02,1.79831e-02,-166899.70
503,2.500,0.500,10.500,4,tension-p,3.74292e-03,-1.79261e-02,1.83127e-02,-164740.35
504,3.500,0.500,10.500,4,tension-p,5.33630e-03,-1.79988e-02,1.87732e-02,-162114.52
505,4.500,0.500,10.500,4,tension-p,6.89312e-03,-1.79887e-02,1.92642e-02,-159220.14
506,5.500,0.500,10.500,5,shear-n tension-n,8.29043e-03,-1.77820e-02,1.96196e-02,-156373.85
507,6.500,0.500,10.500,5,shear-n tension-n,9.46344e-03,-1.73075e-02,1.97257e-02,-153164.73
508,7.500,0.500,10.500,5,shear-n tension-n,1.04936e-02,-1.65917e-02,1.96316e-02,-150308.85
509,8.500,0.500,10.500,5,shear-n tension-n,1.16177e-02,-1.57121e-02,1.95408e-02,-146369.47
510,9.500,0.500,10.500,13,shear-n tension-n,1.31494e-02,-1.48260e-02,1.98171e-02,-140937.21
511,0.500,1.500,10.500,4,tension-p,7.25770e-04,-1.77996e-02,1.78144e-02,-167953.30
512,1.500,1.500,10.500,4,tension-p,2.20211e-03,-1.78478e-02,1.79832e-02,-166888.49
513,2.500,1.500,10.500,4,tension-p,3.74204e-03,-1.79263e-02,1.83128e-02,-164764.43
514,3.500,1.500,10.500,4,tension-p,5.33349e-03,-1.79993e-02,1.87729e-02,-162129.40
515,4.500,1.500,10.500,4,tension-p,6.88986e-03,-1.79892e-02,1.92635e-02,-159228.92
516,5.500,1.500,10.500,5,shear-n tension-n,8.28772e-03,-1.77826e-02,1.96190e-02,-156372.21
517,6.500,1.500,10.500,5,shear-n tension-n,9.46246e-03,-1.73082e-02,1.97259e-02,-153138.38
518,7.500,1.500,10.500,5,shear-n tension-n,1.04944e-02,-1.65919e-02,1.96322e-02,-150301.99
519,8.500,1.500,10.500,5,shear-n tension-n,1.16199e-02,-1.57118e-02,1.95418e-02,-146367.18
520,9.500,1.500,10.500,13,shear-n tension-n,1.31522e-02,-1.48254e-02,1.98185e-02,-140930.77
521,0.500,2.500,10.500,4,tension-p,7.22535e-04,-1.77989e-02,1.78135e-02,-167946.48
522,1.500,2.500,10.500,4,tension-p,2.19752e-03,-1.78474e-02,1.79821e-02,-166905.94
523,2.500,2.500,10.500,4,tension-p,3.74118e-03,-1.79263e-02,1.83126e-02,-164747.00
524,3.500,2.500,10.500,4,tension-p,5.33423e-03,-1.79999e-02,1.87737e-02,-162119.86
525,4.500,2.500,10.500,4,tension-p,6.89071e-03,-1.79898e-02,1.92643e-02,-159217.80
526,5.500,2.500,10.500,4,tension-p,8.28873e-03,-1.77828e-02,1.96197e-02,-156373.13
527,6.500,2.500,10.500,5,shear-n tension-n,9.46274e-03,-1.73082e-02,1.97261e-02,-153150.45
528,7.500,2.500,10.500,5,shear-n tension-n,1.04939e-02,-1.65916e-02,1.96317e-02,-150318.79
529,8.500,2.500,10.500,5,shear-n tension-n,1.16196e-02,-1.57110e-02,1.95410e-02,-146370.33
530,9.500,2.500,10.500,13,shear-n tension-n,1.31526e-02,-1.48245e-02,1.98181e-02,-140938.91
531,0.500,3.500,10.500,4,tension-p,7.25720e-04,-1.77981e-02,1.78129e-02,-167907.04
532,1.500,3.500,10.500,4,tension-p,2.20304e-03,-1.78469e-02,1.79823e-02,-166858.54
533,2.500,3.500,10.500,4,tension-p,3.74466e-03,-1.79264e-02,1.83133e-02,-164761.50
534,3.500,3.500,10.500,4,tension-p,5.33725e-03,-1.80004e-02,1.87750e-02,-162129.15
535,4.500,3.500,10.500,4,tension-p,6.89371e-03,-1.79902e-02,1.92658e-02,-159253.82
536,5.500,3.500,10.500,5,shear-n tension-n,8.29020e-03,-1.77830e-02,1.96204e-02,-156365.47
537,6.500,3.500,10.500,5,shear-n tension-n,9.46282e-03,-1.73082e-02,1.97261e-02,-153156.11
538,7.500,3.500,10.500,5,shear-n tension-n,1.04930e-02,-1.65911e-02,1.96308e-02,-150321.31
539,8.500,3.500,10.500,5,shear-n tension-n,1.16176e-02,-1.57102e-02,1.95391e-02,-146382.18
540,9.500,3.500,10.500,13,shear-n tension-n,1.31499e-02,-1.48240e-02,1.98159e-02,-140942.40
541,0.500,4.500,10.500,4,tension-p,7.24245e-04,-1.77978e-02,1.78126e-02,-167907.06
542,1.500,4.500,10.500,4,tension-p,2.20020e-03,-1.78467e-02,1.79818e-02,-166883.93
543,2.500,4.500,10.500,4,tension-p,3.74305e-03,-1.79264e-02,1.83131e-02,-164753.75
544,3.500,4.500,10.500,4,tension-p,5.33638e-03,-1.80007e-02,1.87751e-02,-162119.81
545,4.500,4.500,10.500,4,tension-p,6.89236e-03,-1.79906e-02,1.92657e-02,-159235.23
546,5.500,4.500,10.500,5,shear-n tension-n,8.28817e-03,-1.77833e-02,1.96199e-02,-156396.88
547,6.500,4.500,10.500,5,shear-n tension-n,9.45966e-03,-1.73087e-02,1.97250e-02,-153160.50
548,7.500,4.500,10.500,5,shear-n tension-n,1.04889e-02,-1.65914e-02,1.96288e-02,-150311.13
549,8.500,4.500,10.500,5,shear-n tension-n,1.16133e-02,-1.57101e-02,1.95365e-02,-146376.25
550,9.500,4.500,10.500,13,shear-n tension-n,1.31471e-02,-1.48236e-02,1.98138e-02,-140947.36
551,0.500,0.500,11.500,4,tension-p,7.38176e-04,-1.99438e-02,1.99575e-02,-150655.75
552,1.500,0.500,11.500,4,tension-p,2.23817e-03,-2.00244e-02,2.01491e-02,-149832.27
553,2.500,0.500,11.500,4,tension-p,3.78495e-03,-2.01316e-02,2.04844e-02,-148133.05
554,3.500,0.500,11.500,4,tension-p,5.33465e-03,-2.01587e-02,2.08527e-02,-145858.72
555,4.500,0.500,11.500,5,shear-n tension-n,6.78077e-03,-1.99859e-02,2.11049e-02,-143947.95
556,5.500,0.500,11.500,5,shear-n tension-n,8.07466e-03,-1.95772e-02,2.11771e-02,-141710.91
557,6.500,0.500,11.500,5,shear-n tension-n,9.36824e-03,-1.90565e-02,2.12347e-02,-139450.88
558,7.500,0.500,11.500,5,shear-n tension-n,1.10913e-02,-1.87081e-02,2.17487e-02,-137404.42
559,8.500,0.500,11.500,5,shear-n tension-n,1.41063e-02,-1.89488e-02,2.36229e-02,-135090.51
560,9.500,0.500,11.500,13,shear-n tension-n,2.00310e-02,-2.03318e-02,2.85416e-02,-127266.86
561,0.500,1.500,11.500,4,tension-p,7.40221e-04,-1.99430e-02,1.99568e-02,-150646.89
562,1.500,1.500,11.500,4,tension-p,2.24106e-03,-2.00241e-02,2.01491e-02,-149842.14
563,2.500,1.500,11.500,4,tension-p,3.78495e-03,-2.01319e-02,2.04846e-02,-148177.72
564,3.500,1.500,11.500,4,tension-p,5.33279e-03,-2.01592e-02,2.08526e-02,-145862.86
565,4.500,1.500,11.500,5,shear-n tension-n,6.77844e-03,-1.99863e-02,2.11045e-02,-143953.08
566,5.500,1.500,11.500,5,shear-n tension-n,8.07262e-03,-1.95775e-02,2.11765e-02,-141715.03
567,6.500,1.500,11.500,5,shear-n tension-n,9.36736e-03,-1.90566e-02,2.12344e-02,-139457.62
568,7.500,1.500,11.500,5,shear-n tension-n,1.10918e-02,-1.87079e-02,2.17488e-02,-137394.59
569,8.500,1.500,11.500,5,shear-n tension-n,1.41084e-02,-1.89485e-02,2.36240e-02,-135087.02
570,9.500,1.500,11.500,13,shear-n tension-n,2.00339e-02,-2.03315e-02,2.85434e-02,-127262.96
571,0.500,2.500,11.500,4,tension-p,7.37779e-04,-1.99425e-02,1.99561e-02,-150660.43
572,1.500,2.500,11.500,4,tension-p,2.23782e-03,-2.00238e-02,2.01484e-02,-149836.25
573,2.500,2.500,11.500,4,tension-p,3.78506e-03,-2.01321e-02,2.04849e-02,-148137.16
574,3.500,2.500,11.500,4,tension-p,5.33389e-03,-2.01596e-02,2.08533e-02,-145860.89
575,4.500,2.500,11.500,5,shear-n tension-n,6.77880e-03,-1.99864e-02,2.11047e-02,-143945.18
576,5.500,2.500,11.500,5,shear-n tension-n,8.07285e-03,-1.95774e-02,2.11765e-02,-141719.33
577,6.500,2.500,11.500,5,shear-n tension-n,9.36708e-03,-1.90563e-02,2.12341e-02,-139461.39
578,7.500,2.500,11.500,5,shear-n tension-n,1.10910e-02,-1.87074e-02,2.17480e-02,-137390.09
579,8.500,2.500,11.500,5,shear-n tension-n,1.41079e-02,-1.89481e-02,2.36234e-02,-135096.50
580,9.500,2.500,11.500,13,shear-n tension-n,2.00345e-02,-2.03309e-02,2.85434e-02,-127264.73
581,0.500,3.500,11.500,4,tension-p,7.40322e-04,-1.99429e-02,1.99566e-02,-150609.94
582,1.500,3.500,11.500,4,tension-p,2.24270e-03,-2.00239e-02,2.01491e-02,-149777.57
583,2.500,3.500,11.500,4,tension-p,3.78849e-03,-2.01323e-02,2.04857e-02,-148186.80
584,3.500,3.500,11.500,4,tension-p,5.33639e-03,-2.01598e-02,2.08542e-02,-145884.51
585,4.500,3.500,11.500,5,shear-n tension-n,6.78099e-03,-1.99862e-02,2.11053e-02,-143969.95
586,5.500,3.500,11.500,5,shear-n tension-n,8.07381e-03,-1.95769e-02,2.11765e-02,-141707.64
587,6.500,3.500,11.500,5,shear-n tension-n,9.36705e-03,-1.90558e-02,2.12336e-02,-139464.20
588,7.500,3.500,11.500,5,shear-n tension-n,1.10902e-02,-1.87071e-02,2.17473e-02,-137407.79
589,8.500,3.500,11.500,5,shear-n tension-n,1.41064e-02,-1.89477e-02,2.36221e-02,-135099.15
590,9.500,3.500,11.500,13,shear-n tension-n,2.00330e-02,-2.03304e-02,2.85420e-02,-127273.06
591,0.500,4.500,11.500,4,tension-p,7.39143e-04,-1.99431e-02,1.99568e-02,-150622.26
592,1.500,4.500,11.500,4,tension-p,2.24041e-03,-2.00239e-02,2.01489e-02,-149805.87
593,2.500,4.500,11.500,4,tension-p,3.78743e-03,-2.01323e-02,2.04855e-02,-148163.36
594,3.500,4.500,11.500,4,tension-p,5.33609e-03,-2.01600e-02,2.08542e-02,-145873.65
595,4.500,4.500,11.500,5,shear-n tension-n,6.77992e-03,-1.99863e-02,2.11049e-02,-143967.27
596,5.500,4.500,11.500,5,shear-n tension-n,8.07207e-03,-1.95766e-02,2.11755e-02,-141727.99
597,6.500,4.500,11.500,5,shear-n tension-n,9.36453e-03,-1.90557e-02,2.12323e-02,-139472.92
598,7.500,4.500,11.500,5,shear-n tension-n,1.10866e-02,-1.87073e-02,2.17457e-02,-137402.84
599,8.500,4.500,11.500,5,shear-n tension-n,1.41024e-02,-1.89476e-02,2.36197e-02,-135096.74
600,9.500,4.500,11.500,13,shear-n tension-n,2.00303e-02,-2.03300e-02,2.85398e-02,-127262.47
601,0.500,0.500,12.500,4,tension-p,7.31791e-04,-2.19701e-02,2.19823e-02,-132546.52
602,1.500,0.500,12.500,4,tension-p,2.20228e-03,-2.20690e-02,2.21786e-02,-132120.31
603,2.500,0.500,12.500,4,tension-p,3.66309e-03,-2.21646e-02,2.24652e-02,-131470.04
604,3.500,0.500,12.500,5,shear-n tension-n,5.05978e-03,-2.21003e-02,2.26721e-02,-130407.17
605,4.500,0.500,12.500,5,shear-n tension-n,6.40685e-03,-2.18279e-02,2.27487e-02,-129436.33
606,5.500,0.500,12.500,5,shear-n tension-n,7.95704e-03,-2.15636e-02,2.29849e-02,-127809.05
607,6.500,0.500,12.500,5,shear-n tension-n,1.03730e-02,-2.18181e-02,2.41584e-02,-126182.96
608,7.500,0.500,12.500,5,shear-n tension-n,1.49955e-02,-2.34531e-02,2.78373e-02,-123539.24
609,8.500,0.500,12.500,5,shear-n tension-n,2.43214e-02,-2.78174e-02,3.69504e-02,-117511.51
610,9.500,0.500,12.500,13,shear-n tension-n,4.17628e-02,-3.60990e-02,5.52021e-02,-112102.26
611,0.500,1.500,12.500,4,tension-p,7.33328e-04,-2.19699e-02,2.19822e-02,-132524.75
612,1.500,1.500,12.500,4,tension-p,2.20481e-03,-2.20690e-02,2.21788e-02,-132123.89
613,2.500,1.500,12.500,4,tension-p,3.66372e-03,-2.21647e-02,2.24655e-02,-131523.94
614,3.500,1.500,12.500,5,shear-n tension-n,5.05877e-03,-2.21003e-02,2.26719e-02,-130418.26
615,4.500,1.500,12.500,5,shear-n tension-n,6.40527e-03,-2.18278e-02,2.27481e-02,-129445.38
616,5.500,1.500,12.500,5,shear-n tension-n,7.95539e-03,-2.15634e-02,2.29841e-02,-127801.40
617,6.500,1.500,12.500,5,shear-n tension-n,1.03720e-02,-2.18178e-02,2.41578e-02,-126179.00
618,7.500,1.500,12.500,5,shear-n tension-n,1.49959e-02,-2.34530e-02,2.78374e-02,-123537.42
619,8.500,1.500,12.500,5,shear-n tension-n,2.43233e-02,-2.78173e-02,3.69517e-02,-117509.53
620,9.500,1.500,12.500,13,shear-n tension-n,4.17653e-02,-3.60988e-02,5.52039e-02,-112104.08
621,0.500,2.500,12.500,4,tension-p,7.32250e-04,-2.19701e-02,2.19823e-02,-132525.32
622,1.500,2.500,12.500,4,tension-p,2.20363e-03,-2.20693e-02,2.21791e-02,-132114.85
623,2.500,2.500,12.500,4,tension-p,3.66446e-03,-2.21651e-02,2.24660e-02,-131475.27
624,3.500,2.500,12.500,5,shear-n tension-n,5.05968e-03,-2.21003e-02,2.26721e-02,-130431.33
625,4.500,2.500,12.500,5,shear-n tension-n,6.40524e-03,-2.18274e-02,2.27478e-02,-129435.59
626,5.500,2.500,12.500,5,shear-n tension-n,7.95513e-03,-2.15629e-02,2.29835e-02,-127818.64
627,6.500,2.500,12.500,5,shear-n tension-n,1.03716e-02,-2.18173e-02,2.41570e-02,-126183.14
628,7.500,2.500,12.500,5,shear-n tension-n,1.49954e-02,-2.34527e-02,2.78369e-02,-123539.30
629,8.500,2.500,12.500,5,shear-n tension-n,2.43232e-02,-2.78174e-02,3.69516e-02,-117510.24
630,9.500,2.500,12.500,13,shear-n tension-n,4.17657e-02,-3.60985e-02,5.52039e-02,-112099.45
631,0.500,3.500,12.500,4,tension-p,7.33492e-04,-2.19712e-02,2.19834e-02,-132517.16
632,1.500,3.500,12.500,4,tension-p,2.20638e-03,-2.20699e-02,2.21799e-02,-132051.50
633,2.500,3.500,12.500,4,tension-p,3.66660e-03,-2.21651e-02,2.24663e-02,-131521.53
634,3.500,3.500,12.500,5,shear-n tension-n,5.06109e-03,-2.20999e-02,2.26720e-02,-130445.10
635,4.500,3.500,12.500,5,shear-n tension-n,6.40654e-03,-2.18267e-02,2.27475e-02,-129447.29
636,5.500,3.500,12.500,5,shear-n tension-n,7.95586e-03,-2.15622e-02,2.29832e-02,-127809.51
637,6.500,3.500,12.500,5,shear-n tension-n,1.03717e-02,-2.18166e-02,2.41565e-02,-126192.58
638,7.500,3.500,12.500,5,shear-n tension-n,1.49950e-02,-2.34523e-02,2.78363e-02,-123545.50
639,8.500,3.500,12.500,5,shear-n tension-n,2.43225e-02,-2.78174e-02,3.69512e-02,-117512.17
640,9.500,3.500,12.500,13,shear-n tension-n,4.17647e-02,-3.60979e-02,5.52028e-02,-112105.10
641,0.500,4.500,12.500,4,tension-p,7.32879e-04,-2.19716e-02,2.19839e-02,-132519.49
642,1.500,4.500,12.500,4,tension-p,2.20529e-03,-2.20702e-02,2.21801e-02,-132072.31
643,2.500,4.500,12.500,4,tension-p,3.66626e-03,-2.21653e-02,2.24665e-02,-131499.46
644,3.500,4.500,12.500,5,shear-n tension-n,5.06089e-03,-2.20998e-02,2.26719e-02,-130448.74
645,4.500,4.500,12.500,5,shear-n tension-n,6.40552e-03,-2.18264e-02,2.27469e-02,-129449.92
646,5.500,4.500,12.500,5,shear-n tension-n,7.95430e-03,-2.15619e-02,2.29823e-02,-127816.67
647,6.500,4.500,12.500,5,shear-n tension-n,1.03697e-02,-2.18163e-02,2.41554e-02,-126189.03
648,7.500,4.500,12.500,5,shear-n tension-n,1.49924e-02,-2.34523e-02,2.78349e-02,-123543.94
649,8.500,4.500,12.500,5,shear-n tension-n,2.43193e-02,-2.78174e-02,3.69492e-02,-117510.39
650,9.500,4.500,12.500,13,shear-n tension-n,4.17617e-02,-3.60973e-02,5.52001e-02,-112096.75
651,0.500,0.500,13.500,4,tension-p,7.00250e-04,-2.38144e-02,2.38247e-02,-113714.32
652,1.500,0.500,13.500,4,tension-p,2.07512e-03,-2.38941e-02,2.39840e-02,-113892.30
653,2.500,0.500,13.500,5,shear-n tension-n,3.36867e-03,-2.39258e-02,2.41618e-02,-115507.67
654,3.500,0.500,13.500,5,shear-n tension-n,4.63808e-03,-2.38434e-02,2.42903e-02,-115811.15
655,4.500,0.500,13.500,5,shear-n tension-n,6.25770e-03,-2.39027e-02,2.47083e-02,-114807.88
656,5.500,0.500,13.500,5,shear-n tension-n,9.12397e-03,-2.48160e-02,2.64401e-02,-113350.83
657,6.500,0.500,13.500,5,shear-n tension-n,1.50160e-02,-2.78855e-02,3.16715e-02,-110843.27
658,7.500,0.500,13.500,5,shear-n tension-n,2.69660e-02,-3.50556e-02,4.42273e-02,-106335.69
659,8.500,0.500,13.500,13,shear-n tension-n,4.83380e-02,-4.80079e-02,6.81273e-02,-102516.65
660,9.500,0.500,13.500,13,shear-n tension-n,8.00880e-02,-6.60589e-02,1.03817e-01,-97347.11
661,0.500,1.500,13.500,4,tension-p,7.01125e-04,-2.38150e-02,2.38253e-02,-113675.42
662,1.500,1.500,13.500,4,tension-p,2.07652e-03,-2.38943e-02,2.39844e-02,-113917.95
663,2.500,1.500,13.500,5,shear-n tension-n,3.36903e-03,-2.39256e-02,2.41617e-02,-115535.72
664,3.500,1.500,13.500,5,shear-n tension-n,4.63752e-03,-2.38430e-02,2.42898e-02,-115820.60
665,4.500,1.500,13.500,5,shear-n tension-n,6.25680e-03,-2.39023e-02,2.47077e-02,-114808.35
666,5.500,1.500,13.500,5,shear-n tension-n,9.12311e-03,-2.48157e-02,2.64395e-02,-113346.53
667,6.500,1.500,13.500,5,shear-n tension-n,1.50157e-02,-2.78856e-02,3.16715e-02,-110835.48
668,7.500,1.500,13.500,5,shear-n tension-n,2.69666e-02,-3.50562e-02,4.42282e-02,-106334.69
669,8.500,1.500,13.500,13,shear-n tension-n,4.83395e-02,-4.80084e-02,6.81286e-02,-102516.60
670,9.500,1.500,13.500,13,shear-n tension-n,8.00902e-02,-6.60590e-02,1.03818e-01,-97353.50
671,0.500,2.500,13.500,4,tension-p,7.01019e-04,-2.38159e-02,2.38262e-02,-113675.97
672,1.500,2.500,13.500,4,tension-p,2.07657e-03,-2.38950e-02,2.39851e-02,-113898.32
673,2.500,2.500,13.500,5,shear-n tension-n,3.36953e-03,-2.39258e-02,2.41619e-02,-115515.45
674,3.500,2.500,13.500,5,shear-n tension-n,4.63780e-03,-2.38426e-02,2.42895e-02,-115838.73
675,4.500,2.500,13.500,5,shear-n tension-n,6.25656e-03,-2.39016e-02,2.47069e-02,-114811.04
676,5.500,2.500,13.500,5,shear-n tension-n,9.12278e-03,-2.48149e-02,2.64387e-02,-113360.16
677,6.500,2.500,13.500,5,shear-n tension-n,1.50157e-02,-2.78852e-02,3.16710e-02,-110840.07
678,7.500,2.500,13.500,5,shear-n tension-n,2.69668e-02,-3.50562e-02,4.42283e-02,-106340.16
679,8.500,2.500,13.500,13,shear-n tension-n,4.83394e-02,-4.80085e-02,6.81287e-02,-102511.75
680,9.500,2.500,13.500,13,shear-n tension-n,8.00902e-02,-6.60586e-02,1.03818e-01,-97348.60
681,0.500,3.500,13.500,4,tension-p,7.01092e-04,-2.38171e-02,2.38275e-02,-113684.70
682,1.500,3.500,13.500,4,tension-p,2.07698e-03,-2.38957e-02,2.39858e-02,-113854.62
683,2.500,3.500,13.500,5,shear-n tension-n,3.37000e-03,-2.39257e-02,2.41619e-02,-115537.38
684,3.500,3.500,13.500,5,shear-n tension-n,4.63827e-03,-2.38420e-02,2.42890e-02,-115841.16
685,4.500,3.500,13.500,5,shear-n tension-n,6.25720e-03,-2.39008e-02,2.47063e-02,-114814.96
686,5.500,3.500,13.500,5,shear-n tension-n,9.12334e-03,-2.48142e-02,2.64383e-02,-113347.15
687,6.500,3.500,13.500,5,shear-n tension-n,1.50160e-02,-2.78845e-02,3.16705e-02,-110843.81
688,7.500,3.500,13.500,5,shear-n tension-n,2.69667e-02,-3.50556e-02,4.42278e-02,-106336.38
689,8.500,3.500,13.500,13,shear-n tension-n,4.83388e-02,-4.80081e-02,6.81280e-02,-102522.76
690,9.500,3.500,13.500,13,shear-n tension-n,8.00885e-02,-6.60575e-02,1.03816e-01,-97353.60
691,0.500,4.500,13.500,4,tension-p,7.00876e-04,-2.38177e-02,2.38280e-02,-113698.46
692,1.500,4.500,13.500,4,tension-p,2.07665e-03,-2.38962e-02,2.39863e-02,-113839.47
693,2.500,4.500,13.500,5,shear-n tension-n,3.36982e-03,-2.39259e-02,2.41621e-02,-115530.35
694,3.500,4.500,13.500,5,shear-n tension-n,4.63781e-03,-2.38418e-02,2.42887e-02,-115857.35
695,4.500,4.500,13.500,5,shear-n tension-n,6.25627e-03,-2.39004e-02,2.47057e-02,-114816.95
696,5.500,4.500,13.500,5,shear-n tension-n,9.12199e-03,-2.48140e-02,2.64375e-02,-113362.45
697,6.500,4.500,13.500,5,shear-n tension-n,1.50143e-02,-2.78841e-02,3.16694e-02,-110838.97
698,7.500,4.500,13.500,5,shear-n tension-n,2.69646e-02,-3.50550e-02,4.42261e-02,-106340.07
699,8.500,4.500,13.500,13,shear-n tension-n,4.83360e-02,-4.80076e-02,6.81256e-02,-102512.27
700,9.500,4.500,13.500,13,shear-n tension-n,8.00847e-02,-6.60559e-02,1.03812e-01,-97349.82
701,0.500,0.500,14.500,4,tension-p,6.34553e-04,-2.54015e-02,2.54094e-02,-94413.96
702,1.500,0.500,14.500,4,tension-p,1.84883e-03,-2.54199e-02,2.54870e-02,-96202.63
703,2.500,0.500,14.500,5,shear-n tension-n,3.01083e-03,-2.54427e-02,2.56202e-02,-100026.71
704,3.500,0.500,14.500,5,shear-n tension-n,4.50657e-03,-2.57541e-02,2.61455e-02,-100396.81
705,4.500,0.500,14.500,5,shear-n tension-n,7.38015e-03,-2.72186e-02,2.82014e-02,-99144.67
706,5.500,0.500,14.500,5,shear-n tension-n,1.37282e-02,-3.15271e-02,3.43864e-02,-97329.26
707,6.500,0.500,14.500,5,shear-n tension-n,2.69881e-02,-4.11868e-02,4.92414e-02,-94136.75
708,7.500,0.500,14.500,5,shear-n tension-n,5.04065e-02,-5.79685e-02,7.68190e-02,-91315.39
709,8.500,0.500,14.500,13,shear-n tension-n,8.36655e-02,-8.05048e-02,1.16107e-01,-86706.40
710,9.500,0.500,14.500,13,shear-n tension-n,1.23108e-01,-1.05297e-01,1.61997e-01,-78997.08
711,0.500,1.500,14.500,4,tension-p,6.34621e-04,-2.54023e-02,2.54103e-02,-94400.03
712,1.500,1.500,14.500,4,tension-p,1.84895e-03,-2.54201e-02,2.54873e-02,-96199.19
713,2.500,1.500,14.500,5,shear-n tension-n,3.01076e-03,-2.54423e-02,2.56199e-02,-100040.24
714,3.500,1.500,14.500,5,shear-n tension-n,4.50629e-03,-2.57537e-02,2.61450e-02,-100398.04
715,4.500,1.500,14.500,5,shear-n tension-n,7.37996e-03,-2.72183e-02,2.82011e-02,-99141.01
716,5.500,1.500,14.500,5,shear-n tension-n,1.37284e-02,-3.15272e-02,3.43866e-02,-97334.04
717,6.500,1.500,14.500,5,shear-n tension-n,2.69889e-02,-4.11875e-02,4.92424e-02,-94132.92
718,7.500,1.500,14.500,5,shear-n tension-n,5.04076e-02,-5.79696e-02,7.68206e-02,-91312.87
719,8.500,1.500,14.500,13,shear-n tension-n,8.36670e-02,-8.05059e-02,1.16109e-01,-86702.75
720,9.500,1.500,14.500,13,shear-n tension-n,1.23111e-01,-1.05298e-01,1.62000e-01,-78995.73
721,0.500,2.500,14.500,4,tension-p,6.34466e-04,-2.54033e-02,2.54112e-02,-94401.01
722,1.500,2.500,14.500,4,tension-p,1.84879e-03,-2.54207e-02,2.54879e-02,-96180.25
723,2.500,2.500,14.500,5,shear-n tension-n,3.01068e-03,-2.54423e-02,2.56198e-02,-100051.71
724,3.500,2.500,14.500,5,shear-n tension-n,4.50602e-03,-2.57532e-02,2.61445e-02,-100409.97
725,4.500,2.500,14.500,5,shear-n tension-n,7.37961e-03,-2.72176e-02,2.82003e-02,-99146.15
726,5.500,2.500,14.500,5,shear-n tension-n,1.37284e-02,-3.15268e-02,3.43862e-02,-97332.72
727,6.500,2.500,14.500,5,shear-n tension-n,2.69893e-02,-4.11874e-02,4.92425e-02,-94135.65
728,7.500,2.500,14.500,5,shear-n tension-n,5.04079e-02,-5.79695e-02,7.68206e-02,-91315.18
729,8.500,2.500,14.500,13,shear-n tension-n,8.36669e-02,-8.05057e-02,1.16109e-01,-86703.44
730,9.500,2.500,14.500,13,shear-n tension-n,1.23111e-01,-1.05298e-01,1.62000e-01,-78997.11
731,0.500,3.500,14.500,4,tension-p,6.34070e-04,-2.54042e-02,2.54121e-02,-94408.36
732,1.500,3.500,14.500,4,tension-p,1.84818e-03,-2.54214e-02,2.54885e-02,-96156.30
733,2.500,3.500,14.500,5,shear-n tension-n,3.01030e-03,-2.54424e-02,2.56199e-02,-100057.06
734,3.500,3.500,14.500,5,shear-n tension-n,4.50586e-03,-2.57529e-02,2.61441e-02,-100403.97
735,4.500,3.500,14.500,5,shear-n tension-n,7.37967e-03,-2.72170e-02,2.81998e-02,-99144.15
736,5.500,3.500,14.500,5,shear-n tension-n,1.37284e-02,-3.15261e-02,3.43855e-02,-97337.10
737,6.500,3.500,14.500,5,shear-n tension-n,2.69890e-02,-4.11867e-02,4.92418e-02,-94148.12
738,7.500,3.500,14.500,5,shear-n tension-n,5.04072e-02,-5.79687e-02,7.68197e-02,-91322.65
739,8.500,3.500,14.500,13,shear-n tension-n,8.36657e-02,-8.05048e-02,1.16108e-01,-86704.93
740,9.500,3.500,14.500,13,shear-n tension-n,1.23109e-01,-1.05297e-01,1.61998e-01,-79003.14
741,0.500,4.500,14.500,4,tension-p,6.33905e-04,-2.54046e-02,2.54125e-02,-94419.40
742,1.500,4.500,14.500,4,tension-p,1.84777e-03,-2.54218e-02,2.54889e-02,-96151.07
743,2.500,4.500,14.500,5,shear-n tension-n,3.00980e-03,-2.54425e-02,2.56199e-02,-100063.16
744,3.500,4.500,14.500,5,shear-n tension-n,4.50522e-03,-2.57526e-02,2.61437e-02,-100412.31
745,4.500,4.500,14.500,5,shear-n tension-n,7.37870e-03,-2.72166e-02,2.81991e-02,-99152.15
746,5.500,4.500,14.500,5,shear-n tension-n,1.37268e-02,-3.15255e-02,3.43843e-02,-97340.90
747,6.500,4.500,14.500,5,shear-n tension-n,2.69867e-02,-4.11858e-02,4.92397e-02,-94144.87
748,7.500,4.500,14.500,5,shear-n tension-n,5.04044e-02,-5.79674e-02,7.68168e-02,-91314.34
749,8.500,4.500,14.500,13,shear-n tension-n,8.36624e-02,-8.05031e-02,1.16104e-01,-86703.87
750,9.500,4.500,14.500,13,shear-n tension-n,1.23105e-01,-1.05294e-01,1.61993e-01,-79001.41
751,0.500,0.500,15.500,5,shear-n tension-n,5.47113e-04,-2.66512e-02,2.66568e-02,-76016.24
752,1.500,0.500,15.500,5,shear-n tension-n,1.64949e-03,-2.66693e-02,2.67202e-02,-79106.48
753,2.500,0.500,15.500,5,shear-n tension-n,2.99525e-03,-2.70204e-02,2.71859e-02,-83001.17
754,3.500,0.500,15.500,5,shear-n tension-n,5.51748e-03,-2.86692e-02,2.91953e-02,-83492.95
755,4.500,0.500,15.500,5,shear-n tension-n,1.14011e-02,-3.36396e-02,3.55191e-02,-82633.52
756,5.500,0.500,15.500,5,shear-n tension-n,2.43830e-02,-4.50535e-02,5.12284e-02,-80719.52
757,6.500,0.500,15.500,5,shear-n tension-n,4.77791e-02,-6.49145e-02,8.06024e-02,-78865.84
758,7.500,0.500,15.500,5,shear-n tension-n,8.06508e-02,-9.10767e-02,1.21653e-01,-74347.83
759,8.500,0.500,15.500,13,shear-n tension-n,1.18531e-01,-1.18937e-01,1.67915e-01,-67413.23
760,9.500,0.500,15.500,13,shear-n tension-n,1.55374e-01,-1.43263e-01,2.11341e-01,-61710.48
761,0.500,1.500,15.500,5,shear-n tension-n,5.46909e-04,-2.66516e-02,2.66572e-02,-76009.94
762,1.500,1.500,15.500,5,shear-n tension-n,1.64909e-03,-2.66695e-02,2.67204e-02,-79102.68
763,2.500,1.500,15.500,5,shear-n tension-n,2.99500e-03,-2.70203e-02,2.71858e-02,-83003.42
764,3.500,1.500,15.500,5,shear-n tension-n,5.51751e-03,-2.86690e-02,2.91951e-02,-83493.80
765,4.500,1.500,15.500,5,shear-n tension-n,1.14016e-02,-3.36397e-02,3.55194e-02,-82627.06
766,5.500,1.500,15.500,5,shear-n tension-n,2.43841e-02,-4.50542e-02,5.12295e-02,-80719.38
767,6.500,1.500,15.500,5,shear-n tension-n,4.77806e-02,-6.49156e-02,8.06041e-02,-78867.90
768,7.500,1.500,15.500,5,shear-n tension-n,8.06525e-02,-9.10781e-02,1.21655e-01,-74351.59
769,8.500,1.500,15.500,13,shear-n tension-n,1.18533e-01,-1.18939e-01,1.67918e-01,-67417.35
770,9.500,1.500,15.500,13,shear-n tension-n,1.55376e-01,-1.43265e-01,2.11344e-01,-61713.72
771,0.500,2.500,15.500,5,shear-n tension-n,5.46687e-04,-2.66521e-02,2.66577e-02,-76006.69
772,1.500,2.500,15.500,5,shear-n tension-n,1.64862e-03,-2.66699e-02,2.67208e-02,-79095.86
773,2.500,2.500,15.500,5,shear-n tension-n,2.99448e-03,-2.70204e-02,2.71858e-02,-83009.88
774,3.500,2.500,15.500,5,shear-n tension-n,5.51691e-03,-2.86688e-02,2.91948e-02,-83501.72
775,4.500,2.500,15.500,5,shear-n tension-n,1.14011e-02,-3.36394e-02,3.55189e-02,-82631.34
776,5.500,2.500,15.500,5,shear-n tension-n,2.43839e-02,-4.50542e-02,5.12294e-02,-80712.00
777,6.500,2.500,15.500,5,shear-n tension-n,4.77806e-02,-6.49157e-02,8.06042e-02,-78871.77
778,7.500,2.500,15.500,5,shear-n tension-n,8.06524e-02,-9.10779e-02,1.21655e-01,-74353.52
779,8.500,2.500,15.500,13,shear-n tension-n,1.18533e-01,-1.18938e-01,1.67918e-01,-67418.24
780,9.500,2.500,15.500,13,shear-n tension-n,1.55376e-01,-1.43265e-01,2.11345e-01,-61716.31
781,0.500,3.500,15.500,5,shear-n tension-n,5.46390e-04,-2.66524e-02,2.66580e-02,-76013.80
782,1.500,3.500,15.500,5,shear-n tension-n,1.64793e-03,-2.66703e-02,2.67212e-02,-79092.58
783,2.500,3.500,15.500,5,shear-n tension-n,2.99370e-03,-2.70206e-02,2.71859e-02,-83009.01
784,3.500,3.500,15.500,5,shear-n tension-n,5.51621e-03,-2.86686e-02,2.91945e-02,-83502.97
785,4.500,3.500,15.500,5,shear-n tension-n,1.14004e-02,-3.36390e-02,3.55183e-02,-82630.85
786,5.500,3.500,15.500,5,shear-n tension-n,2.43832e-02,-4.50534e-02,5.12284e-02,-80714.97
787,6.500,3.500,15.500,5,shear-n tension-n,4.77795e-02,-6.49150e-02,8.06030e-02,-78870.52
788,7.500,3.500,15.500,5,shear-n tension-n,8.06512e-02,-9.10771e-02,1.21654e-01,-74357.57
789,8.500,3.500,15.500,13,shear-n tension-n,1.18532e-01,-1.18937e-01,1.67916e-01,-67425.16
790,9.500,3.500,15.500,13,shear-n tension-n,1.55375e-01,-1.43264e-01,2.11343e-01,-61722.25
791,0.500,4.500,15.500,5,shear-n tension-n,5.46272e-04,-2.66526e-02,2.66582e-02,-76017.79
792,1.500,4.500,15.500,5,shear-n tension-n,1.64747e-03,-2.66706e-02,2.67214e-02,-79096.19
793,2.500,4.500,15.500,5,shear-n tension-n,2.99291e-03,-2.70207e-02,2.71860e-02,-83017.39
794,3.500,4.500,15.500,5,shear-n tension-n,5.51526e-03,-2.86684e-02,2.91941e-02,-83508.23
795,4.500,4.500,15.500,5,shear-n tension-n,1.13991e-02,-3.36383e-02,3.55173e-02,-82633.46
796,5.500,4.500,15.500,5,shear-n tension-n,2.43810e-02,-4.50521e-02,5.12262e-02,-80719.81
797,6.500,4.500,15.500,5,shear-n tension-n,4.77766e-02,-6.49132e-02,8.05998e-02,-78873.39
798,7.500,4.500,15.500,5,shear-n tension-n,8.06477e-02,-9.10753e-02,1.21650e-01,-74359.38
799,8.500,4.500,15.500,13,shear-n tension-n,1.18528e-01,-1.18935e-01,1.67912e-01,-67419.44
800,9.500,4.500,15.500,13,shear-n tension-n,1.55372e-01,-1.43261e-01,2.11339e-01,-61715.17
801,0.500,0.500,16.500,5,shear-n tension-n,5.56046e-04,-2.76546e-02,2.76602e-02,-59680.26
802,1.500,0.500,16.500,5,shear-n tension-n,1.89601e-03,-2.79718e-02,2.80360e-02,-61805.34
803,2.500,0.500,16.500,5,shear-n tension-n,4.16847e-03,-2.93621e-02,2.96565e-02,-63458.87
804,3.500,0.500,16.500,5,shear-n tension-n,9.07660e-03,-3.39695e-02,3.51612e-02,-65511.04
805,4.500,0.500,16.500,5,shear-n tension-n,2.02891e-02,-4.57686e-02,5.00641e-02,-65454.51
806,5.500,0.500,16.500,5,shear-n tension-n,4.16549e-02,-6.76292e-02,7.94282e-02,-64539.52
807,6.500,0.500,16.500,5,shear-n tension-n,7.24844e-02,-9.68669e-02,1.20984e-01,-61117.15
808,7.500,0.500,16.500,5,shear-n tension-n,1.07995e-01,-1.27704e-01,1.67246e-01,-56510.16
809,8.500,0.500,16.500,13,shear-n tension-n,1.42342e-01,-1.54599e-01,2.10148e-01,-52338.60
810,9.500,0.500,16.500,13,shear-n tension-n,1.67503e-01,-1.69387e-01,2.38220e-01,-41896.42
811,0.500,1.500,16.500,5,shear-n tension-n,5.55967e-04,-2.76546e-02,2.76601e-02,-59679.75
812,1.500,1.500,16.500,5,shear-n tension-n,1.89579e-03,-2.79719e-02,2.80361e-02,-61804.88
813,2.500,1.500,16.500,5,shear-n tension-n,4.16836e-03,-2.93623e-02,2.96567e-02,-63451.80
814,3.500,1.500,16.500,5,shear-n tension-n,9.07693e-03,-3.39699e-02,3.51616e-02,-65514.92
815,4.500,1.500,16.500,5,shear-n tension-n,2.02900e-02,-4.57693e-02,5.00651e-02,-65454.83
816,5.500,1.500,16.500,5,shear-n tension-n,4.16563e-02,-6.76303e-02,7.94299e-02,-64530.67
817,6.500,1.500,16.500,5,shear-n tension-n,7.24862e-02,-9.68683e-02,1.20986e-01,-61119.77
818,7.500,1.500,16.500,5,shear-n tension-n,1.07997e-01,-1.27705e-01,1.67248e-01,-56506.19
819,8.500,1.500,16.500,13,shear-n tension-n,1.42344e-01,-1.54601e-01,2.10151e-01,-52340.09
820,9.500,1.500,16.500,13,shear-n tension-n,1.67504e-01,-1.69388e-01,2.38222e-01,-41897.91
821,0.500,2.500,16.500,5,shear-n tension-n,5.55869e-04,-2.76546e-02,2.76602e-02,-59677.84
822,1.500,2.500,16.500,5,shear-n tension-n,1.89545e-03,-2.79720e-02,2.80362e-02,-61804.27
823,2.500,2.500,16.500,5,shear-n tension-n,4.16779e-03,-2.93623e-02,2.96566e-02,-63452.07
824,3.500,2.500,16.500,5,shear-n tension-n,9.07626e-03,-3.39697e-02,3.51614e-02,-65515.51
825,4.500,2.500,16.500,5,shear-n tension-n,2.02893e-02,-4.57693e-02,5.00648e-02,-65457.92
826,5.500,2.500,16.500,5,shear-n tension-n,4.16557e-02,-6.76305e-02,7.94297e-02,-64537.52
827,6.500,2.500,16.500,5,shear-n tension-n,7.24858e-02,-9.68686e-02,1.20986e-01,-61114.49
828,7.500,2.500,16.500,5,shear-n tension-n,1.07997e-01,-1.27705e-01,1.67248e-01,-56514.67
829,8.500,2.500,16.500,13,shear-n tension-n,1.42344e-01,-1.54601e-01,2.10151e-01,-52334.89
830,9.500,2.500,16.500,13,shear-n tension-n,1.67504e-01,-1.69389e-01,2.38223e-01,-41899.95
831,0.500,3.500,16.500,5,shear-n tension-n,5.55724e-04,-2.76546e-02,2.76601e-02,-59680.36
832,1.500,3.500,16.500,5,shear-n tension-n,1.89492e-03,-2.79721e-02,2.80362e-02,-61807.96
833,2.500,3.500,16.500,5,shear-n tension-n,4.16689e-03,-2.93624e-02,2.96566e-02,-63454.74
834,3.500,3.500,16.500,5,shear-n tension-n,9.07507e-03,-3.39695e-02,3.51609e-02,-65514.37
835,4.500,3.500,16.500,5,shear-n tension-n,2.02878e-02,-4.57687e-02,5.00637e-02,-65458.04
836,5.500,3.500,16.500,5,shear-n tension-n,4.16541e-02,-6.76298e-02,7.94283e-02,-64533.80
837,6.500,3.500,16.500,5,shear-n tension-n,7.24844e-02,-9.68679e-02,1.20985e-01,-61119.15
838,7.500,3.500,16.500,5,shear-n tension-n,1.07995e-01,-1.27705e-01,1.67247e-01,-56515.82
839,8.500,3.500,16.500,13,shear-n tension-n,1.42343e-01,-1.54601e-01,2.10150e-01,-52344.16
840,9.500,3.500,16.500,13,shear-n tension-n,1.67504e-01,-1.69388e-01,2.38222e-01,-41905.72
841,0.500,4.500,16.500,5,shear-n tension-n,5.55589e-04,-2.76546e-02,2.76602e-02,-59679.56
842,1.500,4.500,16.500,5,shear-n tension-n,1.89440e-03,-2.79721e-02,2.80361e-02,-61813.34
843,2.500,4.500,16.500,5,shear-n tension-n,4.16590e-03,-2.93624e-02,2.96565e-02,-63462.54
844,3.500,4.500,16.500,5,shear-n tension-n,9.07357e-03,-3.39692e-02,3.51601e-02,-65518.83
845,4.500,4.500,16.500,5,shear-n tension-n,2.02856e-02,-4.57675e-02,5.00617e-02,-65464.01
846,5.500,4.500,16.500,5,shear-n tension-n,4.16512e-02,-6.76279e-02,7.94251e-02,-64535.04
847,6.500,4.500,16.500,5,shear-n tension-n,7.24814e-02,-9.68657e-02,1.20981e-01,-61119.50
848,7.500,4.500,16.500,5,shear-n tension-n,1.07992e-01,-1.27703e-01,1.67243e-01,-56515.13
849,8.500,4.500,16.500,13,shear-n tension-n,1.42340e-01,-1.54599e-01,2.10146e-01,-52345.56
850,9.500,4.500,16.500,13,shear-n tension-n,1.67502e-01,-1.69386e-01,2.38220e-01,-41902.61
851,0.500,0.500,17.500,5,shear-n tension-n,9.06914e-04,-2.89061e-02,2.89203e-02,-44275.69
852,1.500,0.500,17.500,5,shear-n tension-n,3.34914e-03,-3.01222e-02,3.03078e-02,-43723.45
853,2.500,0.500,17.500,5,shear-n tension-n,8.04627e-03,-3.38914e-02,3.48335e-02,-43958.53
854,3.500,0.500,17.500,5,shear-n tension-n,1.76224e-02,-4.37525e-02,4.71681e-02,-45527.94
855,4.500,0.500,17.500,5,shear-n tension-n,3.53353e-02,-6.48950e-02,7.38914e-02,-48627.14
856,5.500,0.500,17.500,5,shear-n tension-n,6.19409e-02,-9.65186e-02,1.14684e-01,-46397.06
857,6.500,0.500,17.500,5,shear-n tension-n,9.39649e-02,-1.30791e-01,1.61046e-01,-44299.36
858,7.500,0.500,17.500,5,shear-n tension-n,1.25819e-01,-1.61004e-01,2.04335e-01,-40983.69
859,8.500,0.500,17.500,5,shear-n tension-n,1.50132e-01,-1.79683e-01,2.34149e-01,-31101.95
860,9.500,0.500,17.500,13,shear-n tension-n,1.61848e-01,-1.80686e-01,2.42575e-01,-30571.95
861,0.500,1.500,17.500,5,shear-n tension-n,9.06931e-04,-2.89059e-02,2.89201e-02,-44272.14
862,1.500,1.500,17.500,5,shear-n tension-n,3.34926e-03,-3.01222e-02,3.03078e-02,-43720.52
863,2.500,1.500,17.500,5,shear-n tension-n,8.04661e-03,-3.38917e-02,3.48339e-02,-43952.13
864,3.500,1.500,17.500,5,shear-n tension-n,1.76231e-02,-4.37531e-02,4.71689e-02,-45515.26
865,4.500,1.500,17.500,5,shear-n tension-n,3.53362e-02,-6.48959e-02,7.38927e-02,-48620.08
866,5.500,1.500,17.500,5,shear-n tension-n,6.19421e-02,-9.65200e-02,1.14686e-01,-46394.56
867,6.500,1.500,17.500,5,shear-n tension-n,9.39665e-02,-1.30793e-01,1.61048e-01,-44306.82
868,7.500,1.500,17.500,5,shear-n tension-n,1.25821e-01,-1.61006e-01,2.04338e-01,-40980.57
869,8.500,1.500,17.500,5,shear-n tension-n,1.50133e-01,-1.79685e-01,2.34151e-01,-31100.94
870,9.500,1.500,17.500,13,shear-n tension-n,1.61849e-01,-1.80687e-01,2.42575e-01,-30579.62
871,0.500,2.500,17.500,5,shear-n tension-n,9.06859e-04,-2.89057e-02,2.89199e-02,-44273.63
872,1.500,2.500,17.500,5,shear-n tension-n,3.34907e-03,-3.01220e-02,3.03076e-02,-43719.73
873,2.500,2.500,17.500,5,shear-n tension-n,8.04630e-03,-3.38917e-02,3.48337e-02,-43954.29
874,3.500,2.500,17.500,5,shear-n tension-n,1.76225e-02,-4.37530e-02,4.71686e-02,-45519.70
875,4.500,2.500,17.500,5,shear-n tension-n,3.53356e-02,-6.48960e-02,7.38924e-02,-48610.93
876,5.500,2.500,17.500,5,shear-n tension-n,6.19413e-02,-9.65204e-02,1.14686e-01,-46397.52
877,6.500,2.500,17.500,5,shear-n tension-n,9.39658e-02,-1.30794e-01,1.61048e-01,-44301.97
878,7.500,2.500,17.500,5,shear-n tension-n,1.25821e-01,-1.61006e-01,2.04338e-01,-40975.72
879,8.500,2.500,17.500,5,shear-n tension-n,1.50134e-01,-1.79685e-01,2.34151e-01,-31094.02
880,9.500,2.500,17.500,13,shear-n tension-n,1.61849e-01,-1.80687e-01,2.42575e-01,-30584.25
881,0.500,3.500,17.500,5,shear-n tension-n,9.06712e-04,-2.89055e-02,2.89197e-02,-44276.33
882,1.500,3.500,17.500,5,shear-n tension-n,3.34857e-03,-3.01217e-02,3.03073e-02,-43721.71
883,2.500,3.500,17.500,5,shear-n tension-n,8.04532e-03,-3.38913e-02,3.48332e-02,-43953.72
884,3.500,3.500,17.500,5,shear-n tension-n,1.76212e-02,-4.37524e-02,4.71676e-02,-45515.13
885,4.500,3.500,17.500,5,shear-n tension-n,3.53340e-02,-6.48951e-02,7.38909e-02,-48613.44
886,5.500,3.500,17.500,5,shear-n tension-n,6.19397e-02,-9.65197e-02,1.14685e-01,-46397.83
887,6.500,3.500,17.500,5,shear-n tension-n,9.39645e-02,-1.30793e-01,1.61047e-01,-44304.67
888,7.500,3.500,17.500,5,shear-n tension-n,1.25820e-01,-1.61006e-01,2.04337e-01,-40976.16
889,8.500,3.500,17.500,5,shear-n tension-n,1.50133e-01,-1.79685e-01,2.34151e-01,-31097.40
890,9.500,3.500,17.500,13,shear-n tension-n,1.61849e-01,-1.80687e-01,2.42575e-01,-30584.96
891,0.500,4.500,17.500,5,shear-n tension-n,9.06492e-04,-2.89052e-02,2.89194e-02,-44284.88
892,1.500,4.500,17.500,5,shear-n tension-n,3.34789e-03,-3.01214e-02,3.03068e-02,-43726.05
893,2.500,4.500,17.500,5,shear-n tension-n,8.04402e-03,-3.38910e-02,3.48325e-02,-43961.52
894,3.500,4.500,17.500,5,shear-n tension-n,1.76191e-02,-4.37517e-02,4.71661e-02,-45522.98
895,4.500,4.500,17.500,5,shear-n tension-n,3.53314e-02,-6.48936e-02,7.38883e-02,-48613.20
896,5.500,4.500,17.500,5,shear-n tension-n,6.19371e-02,-9.65179e-02,1.14682e-01,-46395.31
897,6.500,4.500,17.500,5,shear-n tension-n,9.39621e-02,-1.30791e-01,1.61044e-01,-44300.88
898,7.500,4.500,17.500,5,shear-n tension-n,1.25818e-01,-1.61005e-01,2.04335e-01,-40982.06
899,8.500,4.500,17.500,5,shear-n tension-n,1.50131e-01,-1.79684e-01,2.34149e-01,-31101.43
900,9.500,4.500,17.500,13,shear-n tension-n,1.61848e-01,-1.80686e-01,2.42575e-01,-30575.24
901,0.500,0.500,18.500,5,shear-n tension-n,1.90848e-03,-3.14052e-02,3.14632e-02,-27364.84
902,1.500,0.500,18.500,5,shear-n tension-n,7.16531e-03,-3.46855e-02,3.54179e-02,-26074.10
903,2.500,0.500,18.500,5,shear-n tension-n,1.69845e-02,-4.32046e-02,4.64231e-02,-25633.64
904,3.500,0.500,18.500,5,shear-n tension-n,3.38444e-02,-6.02636e-02,6.91169e-02,-26116.34
905,4.500,0.500,18.500,5,shear-n tension-n,5.68495e-02,-8.85903e-02,1.05262e-01,-26704.20
906,5.500,0.500,18.500,5,shear-n tension-n,8.28275e-02,-1.25032e-01,1.49978e-01,-31686.06
907,6.500,0.500,18.500,5,shear-n tension-n,1.09197e-01,-1.60309e-01,1.93967e-01,-28310.84
908,7.500,0.500,18.500,13,shear-n tension-n,1.31202e-01,-1.84658e-01,2.26523e-01,-20896.43
909,8.500,0.500,18.500,13,shear-n tension-n,1.44150e-01,-1.91467e-01,2.39664e-01,-18481.62
910,9.500,0.500,18.500,15,shear-n tension-n,1.48607e-01,-1.83279e-01,2.35956e-01,-17359.95
911,0.500,1.500,18.500,5,shear-n tension-n,1.90863e-03,-3.14051e-02,3.14631e-02,-27361.08
912,1.500,1.500,18.500,5,shear-n tension-n,7.16572e-03,-3.46856e-02,3.54181e-02,-26069.60
913,2.500,1.500,18.500,5,shear-n tension-n,1.69851e-02,-4.32048e-02,4.64236e-02,-25627.16
914,3.500,1.500,18.500,5,shear-n tension-n,3.38452e-02,-6.02641e-02,6.91177e-02,-26102.28
915,4.500,1.500,18.500,5,shear-n tension-n,5.68506e-02,-8.85910e-02,1.05263e-01,-26685.62
916,5.500,1.500,18.500,5,shear-n tension-n,8.28286e-02,-1.25033e-01,1.49980e-01,-31658.72
917,6.500,1.500,18.500,5,shear-n tension-n,1.09198e-01,-1.60311e-01,1.93969e-01,-28288.05
918,7.500,1.500,18.500,13,shear-n tension-n,1.31203e-01,-1.84660e-01,2.26524e-01,-20891.58
919,8.500,1.500,18.500,15,shear-n tension-n,1.44151e-01,-1.91468e-01,2.39665e-01,-18489.18
920,9.500,1.500,18.500,15,shear-n tension-n,1.48607e-01,-1.83279e-01,2.35956e-01,-17360.04
921,0.500,2.500,18.500,5,shear-n tension-n,1.90862e-03,-3.14048e-02,3.14628e-02,-27360.56
922,1.500,2.500,18.500,5,shear-n tension-n,7.16566e-03,-3.46854e-02,3.54178e-02,-26067.83
923,2.500,2.500,18.500,5,shear-n tension-n,1.69849e-02,-4.32046e-02,4.64233e-02,-25631.82
924,3.500,2.500,18.500,5,shear-n tension-n,3.38448e-02,-6.02639e-02,6.91174e-02,-26104.80
925,4.500,2.500,18.500,5,shear-n tension-n,5.68503e-02,-8.85911e-02,1.05263e-01,-26679.09
926,5.500,2.500,18.500,5,shear-n tension-n,8.28284e-02,-1.25034e-01,1.49980e-01,-31664.51
927,6.500,2.500,18.500,5,shear-n tension-n,1.09197e-01,-1.60312e-01,1.93969e-01,-28287.76
928,7.500,2.500,18.500,13,shear-n tension-n,1.31202e-01,-1.84661e-01,2.26525e-01,-20914.77
929,8.500,2.500,18.500,15,shear-n tension-n,1.44151e-01,-1.91469e-01,2.39666e-01,-18510.57
930,9.500,2.500,18.500,15,shear-n tension-n,1.48607e-01,-1.83279e-01,2.35956e-01,-17366.14
931,0.500,3.500,18.500,5,shear-n tension-n,1.90842e-03,-3.14043e-02,3.14623e-02,-27363.84
932,1.500,3.500,18.500,5,shear-n tension-n,7.16502e-03,-3.46847e-02,3.54170e-02,-26071.84
933,2.500,3.500,18.500,5,shear-n tension-n,1.69838e-02,-4.32038e-02,4.64222e-02,-25633.65
934,3.500,3.500,18.500,5,shear-n tension-n,3.38434e-02,-6.02631e-02,6.91159e-02,-26097.63
935,4.500,3.500,18.500,5,shear-n tension-n,5.68490e-02,-8.85903e-02,1.05262e-01,-26685.09
936,5.500,3.500,18.500,5,shear-n tension-n,8.28275e-02,-1.25033e-01,1.49979e-01,-31655.51
937,6.500,3.500,18.500,5,shear-n tension-n,1.09196e-01,-1.60311e-01,1.93968e-01,-28296.05
938,7.500,3.500,18.500,13,shear-n tension-n,1.31202e-01,-1.84661e-01,2.26525e-01,-20913.09
939,8.500,3.500,18.500,15,shear-n tension-n,1.44150e-01,-1.91470e-01,2.39666e-01,-18499.04
940,9.500,3.500,18.500,15,shear-n tension-n,1.48606e-01,-1.83279e-01,2.35956e-01,-17364.23
941,0.500,4.500,18.500,5,shear-n tension-n,1.90813e-03,-3.14038e-02,3.14617e-02,-27368.24
942,1.500,4.500,18.500,5,shear-n tension-n,7.16412e-03,-3.46839e-02,3.54160e-02,-26078.81
943,2.500,4.500,18.500,5,shear-n tension-n,1.69822e-02,-4.32029e-02,4.64208e-02,-25641.29
944,3.500,4.500,18.500,5,shear-n tension-n,3.38412e-02,-6.02620e-02,6.91139e-02,-26106.87
945,4.500,4.500,18.500,5,shear-n tension-n,5.68468e-02,-8.85890e-02,1.05260e-01,-26696.07
946,5.500,4.500,18.500,5,shear-n tension-n,8.28257e-02,-1.25032e-01,1.49977e-01,-31674.52
947,6.500,4.500,18.500,5,shear-n tension-n,1.09195e-01,-1.60310e-01,1.93966e-01,-28309.63
948,7.500,4.500,18.500,13,shear-n tension-n,1.31201e-01,-1.84659e-01,2.26523e-01,-20914.06
949,8.500,4.500,18.500,15,shear-n tension-n,1.44150e-01,-1.91469e-01,2.39666e-01,-18509.80
950,9.500,4.500,18.500,15,shear-n tension-n,1.48606e-01,-1.83279e-01,2.35955e-01,-17367.05
951,0.500,0.500,19.500,10,shear-p tension-p,3.62987e-03,-3.32627e-02,3.34602e-02,-8395.01
952,1.500,0.500,19.500,10,shear-p tension-p,1.35183e-02,-3.79445e-02,4.02807e-02,-8591.20
953,2.500,0.500,19.500,10,shear-p tension-p,3.08394e-02,-4.95639e-02,5.83751e-02,-8799.98
954,3.500,0.500,19.500,10,shear-p tension-p,5.69870e-02,-7.05627e-02,9.07007e-02,-8717.32
955,4.500,0.500,19.500,10,shear-p tension-p,8.64328e-02,-1.01154e-01,1.33052e-01,-8213.90
956,5.500,0.500,19.500,14,shear-p tension-p,1.10411e-01,-1.38342e-01,1.77000e-01,-14054.02
957,6.500,0.500,19.500,15,shear-n tension-n,1.25198e-01,-1.73030e-01,2.13574e-01,-8143.67
958,7.500,0.500,19.500,15,shear-n tension-n,1.32348e-01,-1.92867e-01,2.33910e-01,-8214.99
959,8.500,0.500,19.500,15,shear-n tension-n,1.34501e-01,-1.93958e-01,2.36030e-01,-3727.22
960,9.500,0.500,19.500,5,shear-n tension-n,1.34656e-01,-1.83457e-01,2.27571e-01,-7298.63
961,0.500,1.500,19.500,10,shear-p tension-p,3.63012e-03,-3.32627e-02,3.34602e-02,-8393.32
962,1.500,1.500,19.500,10,shear-p tension-p,1.35189e-02,-3.79446e-02,4.02810e-02,-8589.64
963,2.500,1.500,19.500,10,shear-p tension-p,3.08399e-02,-4.95641e-02,5.83755e-02,-8796.65
964,3.500,1.500,19.500,10,shear-p tension-p,5.69875e-02,-7.05631e-02,9.07013e-02,-8716.98
965,4.500,1.500,19.500,10,shear-p tension-p,8.64339e-02,-1.01155e-01,1.33053e-01,-8208.15
966,5.500,1.500,19.500,14,shear-p tension-p,1.10412e-01,-1.38342e-01,1.77001e-01,-14046.20
967,6.500,1.500,19.500,15,shear-n tension-n,1.25199e-01,-1.73031e-01,2.13575e-01,-8124.31
968,7.500,1.500,19.500,15,shear-n tension-n,1.32349e-01,-1.92868e-01,2.33911e-01,-8225.34
969,8.500,1.500,19.500,15,shear-n tension-n,1.34501e-01,-1.93959e-01,2.36031e-01,-3719.59
970,9.500,1.500,19.500,5,shear-n tension-n,1.34656e-01,-1.83457e-01,2.27571e-01,-7306.24
971,0.500,2.500,19.500,10,shear-p tension-p,3.63009e-03,-3.32624e-02,3.34599e-02,-8392.33
972,1.500,2.500,19.500,10,shear-p tension-p,1.35188e-02,-3.79443e-02,4.02806e-02,-8589.23
973,2.500,2.500,19.500,10,shear-p tension-p,3.08396e-02,-4.95638e-02,5.83751e-02,-8796.35
974,3.500,2.500,19.500,10,shear-p tension-p,5.69869e-02,-7.05629e-02,9.07008e-02,-8716.44
975,4.500,2.500,19.500,10,shear-p tension-p,8.64339e-02,-1.01155e-01,1.33053e-01,-8209.15
976,5.500,2.500,19.500,15,shear-n tension-n,1.10413e-01,-1.38343e-01,1.77002e-01,-14015.27
977,6.500,2.500,19.500,15,shear-n tension-n,1.25199e-01,-1.73032e-01,2.13576e-01,-8176.64
978,7.500,2.500,19.500,15,shear-n tension-n,1.32349e-01,-1.92869e-01,2.33911e-01,-8224.05
979,8.500,2.500,19.500,15,shear-n tension-n,1.34501e-01,-1.93960e-01,2.36032e-01,-3716.90
980,9.500,2.500,19.500,5,shear-n tension-n,1.34655e-01,-1.83458e-01,2.27571e-01,-7304.40
981,0.500,3.500,19.500,10,shear-p tension-p,3.62973e-03,-3.32618e-02,3.34593e-02,-8394.56
982,1.500,3.500,19.500,10,shear-p tension-p,1.35179e-02,-3.79434e-02,4.02795e-02,-8588.79
983,2.500,3.500,19.500,10,shear-p tension-p,3.08384e-02,-4.95628e-02,5.83736e-02,-8797.86
984,3.500,3.500,19.500,10,shear-p tension-p,5.69856e-02,-7.05620e-02,9.06993e-02,-8719.61
985,4.500,3.500,19.500,10,shear-p tension-p,8.64328e-02,-1.01154e-01,1.33052e-01,-8216.07
986,5.500,3.500,19.500,14,shear-p tension-p,1.10412e-01,-1.38343e-01,1.77002e-01,-14063.82
987,6.500,3.500,19.500,15,shear-n tension-n,1.25198e-01,-1.73032e-01,2.13576e-01,-8163.69
988,7.500,3.500,19.500,15,shear-n tension-n,1.32348e-01,-1.92869e-01,2.33911e-01,-8225.45
989,8.500,3.500,19.500,15,shear-n tension-n,1.34500e-01,-1.93961e-01,2.36032e-01,-3722.57
990,9.500,3.500,19.500,5,shear-n tension-n,1.34655e-01,-1.83458e-01,2.27571e-01,-7304.50
991,0.500,4.500,19.500,10,shear-p tension-p,3.62933e-03,-3.32611e-02,3.34585e-02,-8397.80
992,1.500,4.500,19.500,10,shear-p tension-p,1.35168e-02,-3.79425e-02,4.02782e-02,-8592.01
993,2.500,4.500,19.500,10,shear-p tension-p,3.08368e-02,-4.95617e-02,5.83718e-02,-8801.92
994,3.500,4.500,19.500,10,shear-p tension-p,5.69836e-02,-7.05610e-02,9.06972e-02,-8720.89
995,4.500,4.500,19.500,10,shear-p tension-p,8.64306e-02,-1.01153e-01,1.33050e-01,-8216.78
996,5.500,4.500,19.500,14,shear-p tension-p,1.10411e-01,-1.38342e-01,1.77000e-01,-14041.06
997,6.500,4.500,19.500,15,shear-n tension-n,1.25197e-01,-1.73031e-01,2.13574e-01,-8162.79
998,7.500,4.500,19.500,15,shear-n tension-n,1.32346e-01,-1.92869e-01,2.33910e-01,-8230.36
999,8.500,4.500,19.500,15,shear-n tension-n,1.34499e-01,-1.93961e-01,2.36031e-01,-3723.83
1000,9.500,4.500,19.500,5,shear-n tension-n,1.34654e-01,-1.83458e-01,2.27571e-01,-7310.47
1001,10.500,0.500,0.488,4,tension-p,7.39593e-04,-4.10829e-04,8.46037e-04,-279836.10
1002,11.500,0.500,0.462,4,tension-p,7.81488e-04,-3.95169e-04,8.75718e-04,-274018.00
1003,12.500,0.500,0.438,4,tension-p,8.21059e-04,-3.84600e-04,9.06672e-04,-268072.74
1004,13.500,0.500,0.412,4,tension-p,8.59434e-04,-3.75091e-04,9.37721e-04,-261852.80
1005,14.500,0.500,0.388,4,tension-p,8.95713e-04,-3.65511e-04,9.67420e-04,-255455.58
1006,15.500,0.500,0.363,4,tension-p,9.27583e-04,-3.55372e-04,9.93327e-04,-248942.80
1007,16.500,0.500,0.337,4,tension-p,9.51399e-04,-3.41296e-04,1.01076e-03,-242049.89
1008,17.500,0.500,0.312,4,tension-p,9.59863e-04,-3.22617e-04,1.01263e-03,-235252.78
1009,18.500,0.500,0.287,4,tension-p,9.45144e-04,-3.02111e-04,9.92254e-04,-228941.12
1010,19.500,0.500,0.263,4,tension-p,9.01738e-04,-2.77288e-04,9.43409e-04,-223052.41
1011,10.500,1.500,0.488,4,tension-p,7.39610e-04,-4.10560e-04,8.45921e-04,-279798.90
1012,11.500,1.500,0.462,4,tension-p,7.81441e-04,-3.94734e-04,8.75479e-04,-274003.02
1013,12.500,1.500,0.438,4,tension-p,8.20781e-04,-3.84264e-04,9.06278e-04,-268064.89
1014,13.500,1.500,0.412,4,tension-p,8.59172e-04,-3.74981e-04,9.37436e-04,-261865.25
1015,14.500,1.500,0.388,4,tension-p,8.95512e-04,-3.65638e-04,9.67282e-04,-255474.73
1016,15.500,1.500,0.363,4,tension-p,9.27414e-04,-3.55628e-04,9.93261e-04,-248930.61
1017,16.500,1.500,0.337,4,tension-p,9.51452e-04,-3.41475e-04,1.01087e-03,-242024.44
1018,17.500,1.500,0.312,4,tension-p,9.59963e-04,-3.22903e-04,1.01282e-03,-235253.28
1019,18.500,1.500,0.287,4,tension-p,9.45682e-04,-3.02539e-04,9.92897e-04,-228904.97
1020,19.500,1.500,0.263,4,tension-p,9.02829e-04,-2.77612e-04,9.44547e-04,-223031.96
1021,10.500,2.500,0.488,4,tension-p,7.39475e-04,-4.10357e-04,8.45705e-04,-279767.50
1022,11.500,2.500,0.462,4,tension-p,7.81043e-04,-3.94440e-04,8.74992e-04,-273974.86
1023,12.500,2.500,0.438,4,tension-p,8.20127e-04,-3.84122e-04,9.05626e-04,-268042.32
1024,13.500,2.500,0.412,4,tension-p,8.58805e-04,-3.74832e-04,9.37041e-04,-261843.63
1025,14.500,2.500,0.388,4,tension-p,8.95409e-04,-3.65623e-04,9.67180e-04,-255461.97
1026,15.500,2.500,0.363,4,tension-p,9.27710e-04,-3.55869e-04,9.93624e-04,-248923.72
1027,16.500,2.500,0.337,4,tension-p,9.51855e-04,-3.41514e-04,1.01127e-03,-241994.58
1028,17.500,2.500,0.312,4,tension-p,9.60178e-04,-3.22737e-04,1.01297e-03,-235213.02
1029,18.500,2.500,0.287,4,tension-p,9.46165e-04,-3.02555e-04,9.93361e-04,-228889.45
1030,19.500,2.500,0.263,4,tension-p,9.03463e-04,-2.77785e-04,9.45204e-04,-223061.78
1031,10.500,3.500,0.488,4,tension-p,7.38666e-04,-4.10299e-04,8.44969e-04,-279758.93
1032,11.500,3.500,0.462,4,tension-p,7.80547e-04,-3.94223e-04,8.74451e-04,-273951.72
1033,12.500,3.500,0.438,4,tension-p,8.20129e-04,-3.83990e-04,9.05572e-04,-268067.32
1034,13.500,3.500,0.412,4,tension-p,8.59238e-04,-3.74637e-04,9.37360e-04,-261818.84
1035,14.500,3.500,0.388,4,tension-p,8.95945e-04,-3.65448e-04,9.67610e-04,-255471.92
1036,15.500,3.500,0.363,4,tension-p,9.28173e-04,-3.55918e-04,9.94074e-04,-248928.68
1037,16.500,3.500,0.337,4,tension-p,9.52283e-04,-3.41616e-04,1.01170e-03,-242010.30
1038,17.500,3.500,0.312,4,tension-p,9.60319e-04,-3.22744e-04,1.01310e-03,-235239.31
1039,18.500,3.500,0.287,4,tension-p,9.45739e-04,-3.02403e-04,9.92910e-04,-228914.07
1040,19.500,3.500,0.263,4,tension-p,9.02932e-04,-2.77806e-04,9.44703e-04,-223030.95
1041,10.500,4.500,0.488,4,tension-p,7.38066e-04,-4.10287e-04,8.44439e-04,-279789.17
1042,11.500,4.500,0.462,4,tension-p,7.80490e-04,-3.94005e-04,8.74302e-04,-273935.31
1043,12.500,4.500,0.438,4,tension-p,8.20233e-04,-3.83951e-04,9.05649e-04,-268066.45
1044,13.500,4.500,0.412,4,tension-p,8.59206e-04,-3.74788e-04,9.37391e-04,-261813.69
1045,14.500,4.500,0.388,4,tension-p,8.96019e-04,-3.65413e-04,9.67666e-04,-255468.26
1046,15.500,4.500,0.363,4,tension-p,9.28474e-04,-3.55711e-04,9.94281e-04,-248896.83
1047,16.500,4.500,0.337,4,tension-p,9.52650e-04,-3.41549e-04,1.01203e-03,-242069.82
1048,17.500,4.500,0.312,4,tension-p,9.60339e-04,-3.22641e-04,1.01309e-03,-235245.95
1049,18.500,4.500,0.287,4,tension-p,9.45302e-04,-3.01977e-04,9.92364e-04,-228893.30
1050,19.500,4.500,0.263,4,tension-p,9.02258e-04,-2.77384e-04,9.43934e-04,-223032.83
1051,10.500,0.500,1.463,4,tension-p,2.32844e-03,-1.33784e-03,2.68541e-03,-265374.24
1052,11.500,0.500,1.388,4,tension-p,2.46657e-03,-1.28315e-03,2.78036e-03,-260189.82
1053,12.500,0.500,1.312,4,tension-p,2.59335e-03,-1.24387e-03,2.87623e-03,-254861.76
1054,13.500,0.500,1.238,4,tension-p,2.71115e-03,-1.20892e-03,2.96847e-03,-249295.03
1055,14.500,0.500,1.163,4,tension-p,2.81722e-03,-1.17078e-03,3.05082e-03,-243469.01
1056,15.500,0.500,1.088,4,tension-p,2.90050e-03,-1.12687e-03,3.11171e-03,-237565.23
1057,16.500,0.500,1.012,4,tension-p,2.94617e-03,-1.06758e-03,3.13363e-03,-231222.15
1058,17.500,0.500,0.938,4,tension-p,2.93450e-03,-9.90446e-04,3.09714e-03,-225100.67
1059,18.500,0.500,0.863,4,tension-p,2.84272e-03,-9.03518e-04,2.98286e-03,-219208.20
1060,19.500,0.500,0.788,4,tension-p,2.65790e-03,-8.06618e-04,2.77760e-03,-213949.46
1061,10.500,1.500,1.463,4,tension-p,2.32859e-03,-1.33739e-03,2.68532e-03,-265337.77
1062,11.500,1.500,1.388,4,tension-p,2.46704e-03,-1.28189e-03,2.78020e-03,-260159.27
1063,12.500,1.500,1.312,4,tension-p,2.59322e-03,-1.24311e-03,2.87578e-03,-254840.59
1064,13.500,1.500,1.238,4,tension-p,2.71066e-03,-1.20876e-03,2.96796e-03,-249292.29
1065,14.500,1.500,1.163,4,tension-p,2.81671e-03,-1.17127e-03,3.05053e-03,-243497.37
1066,15.500,1.500,1.088,4,tension-p,2.90010e-03,-1.12775e-03,3.11166e-03,-237559.46
1067,16.500,1.500,1.012,4,tension-p,2.94627e-03,-1.06808e-03,3.13389e-03,-231204.71
1068,17.500,1.500,0.938,4,tension-p,2.93496e-03,-9.91255e-04,3.09783e-03,-225078.35
1069,18.500,1.500,0.863,4,tension-p,2.84366e-03,-9.04562e-04,2.98406e-03,-219198.06
1070,19.500,1.500,0.788,4,tension-p,2.65924e-03,-8.07260e-04,2.77907e-03,-213967.78
1071,10.500,2.500,1.463,4,tension-p,2.32814e-03,-1.33721e-03,2.68484e-03,-265299.87
1072,11.500,2.500,1.388,4,tension-p,2.46595e-03,-1.28121e-03,2.77892e-03,-260151.30
1073,12.500,2.500,1.312,4,tension-p,2.59188e-03,-1.24284e-03,2.87446e-03,-254804.16
1074,13.500,2.500,1.238,4,tension-p,2.71063e-03,-1.20854e-03,2.96784e-03,-249273.68
1075,14.500,2.500,1.163,4,tension-p,2.81761e-03,-1.17152e-03,3.05145e-03,-243487.27
1076,15.500,2.500,1.088,4,tension-p,2.90100e-03,-1.12858e-03,3.11280e-03,-237553.75
1077,16.500,2.500,1.012,4,tension-p,2.94672e-03,-1.06839e-03,3.13443e-03,-231199.31
1078,17.500,2.500,0.938,4,tension-p,2.93530e-03,-9.91090e-04,3.09810e-03,-225064.65
1079,18.500,2.500,0.863,4,tension-p,2.84465e-03,-9.04674e-04,2.98504e-03,-219210.74
1080,19.500,2.500,0.788,4,tension-p,2.66036e-03,-8.07574e-04,2.78023e-03,-213981.30
1081,10.500,3.500,1.463,4,tension-p,2.32627e-03,-1.33733e-03,2.68328e-03,-265294.55
1082,11.500,3.500,1.388,4,tension-p,2.46505e-03,-1.28069e-03,2.77789e-03,-260119.77
1083,12.500,3.500,1.312,4,tension-p,2.59246e-03,-1.24225e-03,2.87472e-03,-254845.39
1084,13.500,3.500,1.238,4,tension-p,2.71193e-03,-1.20788e-03,2.96877e-03,-249220.03
1085,14.500,3.500,1.163,4,tension-p,2.81922e-03,-1.17074e-03,3.05264e-03,-243490.49
1086,15.500,3.500,1.088,4,tension-p,2.90217e-03,-1.12844e-03,3.11383e-03,-237555.95
1087,16.500,3.500,1.012,4,tension-p,2.94697e-03,-1.06852e-03,3.13470e-03,-231227.30
1088,17.500,3.500,0.938,4,tension-p,2.93480e-03,-9.90858e-04,3.09755e-03,-225070.84
1089,18.500,3.500,0.863,4,tension-p,2.84363e-03,-9.04303e-04,2.98395e-03,-219213.59
1090,19.500,3.500,0.788,4,tension-p,2.65941e-03,-8.07730e-04,2.77937e-03,-213961.68
1091,10.500,4.500,1.463,4,tension-p,2.32502e-03,-1.33739e-03,2.68222e-03,-265354.78
1092,11.500,4.500,1.388,4,tension-p,2.46512e-03,-1.28028e-03,2.77776e-03,-260064.25
1093,12.500,4.500,1.312,4,tension-p,2.59255e-03,-1.24210e-03,2.87474e-03,-254853.25
1094,13.500,4.500,1.238,4,tension-p,2.71103e-03,-1.20823e-03,2.96808e-03,-249236.19
1095,14.500,4.500,1.163,4,tension-p,2.81820e-03,-1.17041e-03,3.05157e-03,-243482.97
1096,15.500,4.500,1.088,4,tension-p,2.90174e-03,-1.12738e-03,3.11305e-03,-237532.67
1097,16.500,4.500,1.012,4,tension-p,2.94707e-03,-1.06763e-03,3.13449e-03,-231269.49
1098,17.500,4.500,0.938,4,tension-p,2.93468e-03,-9.90285e-04,3.09726e-03,-225062.57
1099,18.500,4.500,0.863,4,tension-p,2.84305e-03,-9.03378e-04,2.98312e-03,-219203.12
1100,19.500,4.500,0.788,4,tension-p,2.65903e-03,-8.06865e-04,2.77875e-03,-213924.15
1101,10.500,0.500,2.438,4,tension-p,4.13925e-03,-2.49476e-03,4.83293e-03,-250850.70
1102,11.500,0.500,2.312,4,tension-p,4.39627e-03,-2.38138e-03,4.99981e-03,-246297.22
1103,12.500,0.500,2.188,4,tension-p,4.62077e-03,-2.29218e-03,5.15806e-03,-241559.48
1104,13.500,0.500,2.062,4,tension-p,4.81315e-03,-2.21025e-03,5.29638e-03,-236595.76
1105,14.500,0.500,1.938,4,tension-p,4.96403e-03,-2.11442e-03,5.39559e-03,-231408.34
1106,15.500,0.500,1.812,4,tension-p,5.04791e-03,-1.99511e-03,5.42788e-03,-226031.95
1107,16.500,0.500,1.688,4,tension-p,5.03696e-03,-1.84282e-03,5.36348e-03,-220224.89
1108,17.500,0.500,1.562,4,tension-p,4.90195e-03,-1.65453e-03,5.17365e-03,-214731.38
1109,18.500,0.500,1.438,4,tension-p,4.61514e-03,-1.44370e-03,4.83567e-03,-209212.66
1110,19.500,0.500,1.312,5,shear-n tension-n,4.18112e-03,-1.23436e-03,4.35951e-03,-204599.77
1111,10.500,1.500,2.438,4,tension-p,4.13991e-03,-2.49481e-03,4.83352e-03,-250846.69
1112,11.500,1.500,2.312,4,tension-p,4.39815e-03,-2.37990e-03,5.00076e-03,-246182.10
1113,12.500,1.500,2.188,4,tension-p,4.62205e-03,-2.29155e-03,5.15893e-03,-241549.14
1114,13.500,1.500,2.062,4,tension-p,4.81340e-03,-2.21095e-03,5.29689e-03,-236579.15
1115,14.500,1.500,1.938,4,tension-p,4.96432e-03,-2.11539e-03,5.39624e-03,-231437.11
1116,15.500,1.500,1.812,4,tension-p,5.04830e-03,-1.99641e-03,5.42871e-03,-226007.47
1117,16.500,1.500,1.688,4,tension-p,5.03766e-03,-1.84375e-03,5.36446e-03,-220205.65
1118,17.500,1.500,1.562,4,tension-p,4.90258e-03,-1.65556e-03,5.17457e-03,-214749.02
1119,18.500,1.500,1.438,4,tension-p,4.61566e-03,-1.44476e-03,4.83649e-03,-209216.17
1120,19.500,1.500,1.312,4,tension-p,4.18164e-03,-1.23496e-03,4.36019e-03,-204611.10
1121,10.500,2.500,2.438,4,tension-p,4.13907e-03,-2.49538e-03,4.83309e-03,-250857.06
1122,11.500,2.500,2.312,4,tension-p,4.39623e-03,-2.37921e-03,4.99875e-03,-246135.38
1123,12.500,2.500,2.188,4,tension-p,4.62112e-03,-2.29089e-03,5.15780e-03,-241556.37
1124,13.500,2.500,2.062,4,tension-p,4.81489e-03,-2.21083e-03,5.29820e-03,-236559.46
1125,14.500,2.500,1.938,4,tension-p,4.96642e-03,-2.11576e-03,5.39831e-03,-231471.31
1126,15.500,2.500,1.812,4,tension-p,5.04931e-03,-1.99735e-03,5.43000e-03,-226008.72
1127,16.500,2.500,1.688,4,tension-p,5.03817e-03,-1.84461e-03,5.36524e-03,-220182.97
1128,17.500,2.500,1.562,4,tension-p,4.90343e-03,-1.65602e-03,5.17552e-03,-214744.25
1129,18.500,2.500,1.438,4,tension-p,4.61689e-03,-1.44487e-03,4.83770e-03,-209217.01
1130,19.500,2.500,1.312,4,tension-p,4.18241e-03,-1.23508e-03,4.36097e-03,-204618.12
1131,10.500,3.500,2.438,4,tension-p,4.13713e-03,-2.49596e-03,4.83173e-03,-250835.65
1132,11.500,3.500,2.312,4,tension-p,4.39605e-03,-2.37860e-03,4.99830e-03,-246109.33
1133,12.500,3.500,2.188,4,tension-p,4.62282e-03,-2.28971e-03,5.15880e-03,-241559.88
1134,13.500,3.500,2.062,4,tension-p,4.81726e-03,-2.20994e-03,5.29998e-03,-236527.37
1135,14.500,3.500,1.938,4,tension-p,4.96873e-03,-2.11464e-03,5.40000e-03,-231458.71
1136,15.500,3.500,1.812,4,tension-p,5.05046e-03,-1.99669e-03,5.43083e-03,-226032.36
1137,16.500,3.500,1.688,4,tension-p,5.03778e-03,-1.84479e-03,5.36493e-03,-220225.42
1138,17.500,3.500,1.562,4,tension-p,4.90273e-03,-1.65600e-03,5.17486e-03,-214753.22
1139,18.500,3.500,1.438,4,tension-p,4.61621e-03,-1.44462e-03,4.83698e-03,-209240.46
1140,19.500,3.500,1.312,5,shear-n tension-n,4.18141e-03,-1.23518e-03,4.36003e-03,-204612.25
1141,10.500,4.500,2.438,4,tension-p,4.13628e-03,-2.49639e-03,4.83123e-03,-250872.75
1142,11.500,4.500,2.312,4,tension-p,4.39641e-03,-2.37860e-03,4.99862e-03,-246064.29
1143,12.500,4.500,2.188,4,tension-p,4.62225e-03,-2.28953e-03,5.15822e-03,-241603.73
1144,13.500,4.500,2.062,4,tension-p,4.81518e-03,-2.21043e-03,5.29830e-03,-236532.50
1145,14.500,4.500,1.938,4,tension-p,4.96720e-03,-2.11457e-03,5.39856e-03,-231441.26
1146,15.500,4.500,1.812,4,tension-p,5.05012e-03,-1.99542e-03,5.43005e-03,-226014.93
1147,16.500,4.500,1.688,4,tension-p,5.03820e-03,-1.84327e-03,5.36481e-03,-220239.59
1148,17.500,4.500,1.562,4,tension-p,4.90327e-03,-1.65512e-03,5.17508e-03,-214721.78
1149,18.500,4.500,1.438,4,tension-p,4.61677e-03,-1.44391e-03,4.83730e-03,-209193.78
1150,19.500,4.500,1.312,4,tension-p,4.18244e-03,-1.23460e-03,4.36086e-03,-204615.06
1151,10.500,0.500,3.413,4,tension-p,6.15999e-03,-3.90607e-03,7.29403e-03,-236205.64
1152,11.500,0.500,3.238,4,tension-p,6.53838e-03,-3.70058e-03,7.51297e-03,-232263.49
1153,12.500,0.500,3.062,4,tension-p,6.84418e-03,-3.51956e-03,7.69611e-03,-227981.10
1154,13.500,0.500,2.887,4,tension-p,7.06145e-03,-3.33918e-03,7.81116e-03,-223747.79
1155,14.500,0.500,2.712,4,tension-p,7.16661e-03,-3.12196e-03,7.81709e-03,-219094.45
1156,15.500,0.500,2.538,4,tension-p,7.12834e-03,-2.85309e-03,7.67811e-03,-214242.23
1157,16.500,0.500,2.363,4,tension-p,6.91214e-03,-2.53024e-03,7.36069e-03,-208994.57
1158,17.500,0.500,2.188,4,tension-p,6.50029e-03,-2.16734e-03,6.85209e-03,-204174.90
1159,18.500,0.500,2.013,4,tension-p,5.92189e-03,-1.79951e-03,6.18927e-03,-198896.63
1160,19.500,0.500,1.837,5,shear-n tension-n,5.22182e-03,-1.47441e-03,5.42599e-03,-195076.33
1161,10.500,1.500,3.413,4,tension-p,6.16207e-03,-3.90668e-03,7.29612e-03,-236239.29
1162,11.500,1.500,3.238,4,tension-p,6.54233e-03,-3.69996e-03,7.51610e-03,-232096.19
1163,12.500,1.500,3.062,4,tension-p,6.84694e-03,-3.51939e-03,7.69849e-03,-228049.71
1164,13.500,1.500,2.887,4,tension-p,7.06178e-03,-3.34020e-03,7.81189e-03,-223724.00
1165,14.500,1.500,2.712,4,tension-p,7.16693e-03,-3.12268e-03,7.81768e-03,-219139.02
1166,15.500,1.500,2.538,4,tension-p,7.12937e-03,-2.85414e-03,7.67945e-03,-214230.26
1167,16.500,1.500,2.363,4,tension-p,6.91352e-03,-2.53127e-03,7.36234e-03,-209006.55
1168,17.500,1.500,2.188,4,tension-p,6.50104e-03,-2.16829e-03,6.85311e-03,-204194.85
1169,18.500,1.500,2.013,4,tension-p,5.92217e-03,-1.80015e-03,6.18972e-03,-198885.43
1170,19.500,1.500,1.837,5,shear-n tension-n,5.22204e-03,-1.47469e-03,5.42628e-03,-195073.93
1171,10.500,2.500,3.413,4,tension-p,6.16047e-03,-3.90786e-03,7.29539e-03,-236300.93
1172,11.500,2.500,3.238,4,tension-p,6.54025e-03,-3.69978e-03,7.51420e-03,-231921.70
1173,12.500,2.500,3.062,4,tension-p,6.84742e-03,-3.51831e-03,7.69842e-03,-228100.02
1174,13.500,2.500,2.887,4,tension-p,7.06367e-03,-3.33963e-03,7.81336e-03,-223711.44
1175,14.500,2.500,2.712,4,tension-p,7.16827e-03,-3.12260e-03,7.81887e-03,-219186.82
1176,15.500,2.500,2.538,4,tension-p,7.13000e-03,-2.85477e-03,7.68027e-03,-214189.67
1177,16.500,2.500,2.363,4,tension-p,6.91427e-03,-2.53221e-03,7.36337e-03,-208991.40
1178,17.500,2.500,2.188,4,tension-p,6.50185e-03,-2.16906e-03,6.85412e-03,-204214.57
1179,18.500,2.500,2.013,4,tension-p,5.92285e-03,-1.80008e-03,6.19035e-03,-198901.85
1180,19.500,2.500,1.837,5,shear-n tension-n,5.22217e-03,-1.47453e-03,5.42636e-03,-195068.27
1181,10.500,3.500,3.413,4,tension-p,6.15780e-03,-3.90848e-03,7.29347e-03,-236283.67
1182,11.500,3.500,3.238,4,tension-p,6.53964e-03,-3.69909e-03,7.51333e-03,-231904.31
1183,12.500,3.500,3.062,4,tension-p,6.84919e-03,-3.51681e-03,7.69930e-03,-228095.04
1184,13.500,3.500,2.887,4,tension-p,7.06608e-03,-3.33877e-03,7.81517e-03,-223692.96
1185,14.500,3.500,2.712,4,tension-p,7.17017e-03,-3.12187e-03,7.82032e-03,-219191.51
1186,15.500,3.500,2.538,4,tension-p,7.13055e-03,-2.85423e-03,7.68058e-03,-214263.91
1187,16.500,3.500,2.363,4,tension-p,6.91365e-03,-2.53248e-03,7.36288e-03,-209019.31
1188,17.500,3.500,2.188,4,tension-p,6.50143e-03,-2.16934e-03,6.85380e-03,-204179.44
1189,18.500,3.500,2.013,4,tension-p,5.92257e-03,-1.79992e-03,6.19004e-03,-198918.91
1190,19.500,3.500,1.837,5,shear-n tension-n,5.22139e-03,-1.47435e-03,5.42556e-03,-195061.93
1191,10.500,4.500,3.413,4,tension-p,6.15718e-03,-3.90879e-03,7.29311e-03,-236327.66
1192,11.500,4.500,3.238,4,tension-p,6.53916e-03,-3.69913e-03,7.51293e-03,-231924.16
1193,12.500,4.500,3.062,4,tension-p,6.84774e-03,-3.51659e-03,7.69792e-03,-228096.03
1194,13.500,4.500,2.887,4,tension-p,7.06444e-03,-3.33939e-03,7.81395e-03,-223679.79
1195,14.500,4.500,2.712,4,tension-p,7.16987e-03,-3.12242e-03,7.82027e-03,-219131.36
1196,15.500,4.500,2.538,4,tension-p,7.13118e-03,-2.85356e-03,7.68092e-03,-214272.91
1197,16.500,4.500,2.363,4,tension-p,6.91464e-03,-2.53129e-03,7.36340e-03,-208997.62
1198,17.500,4.500,2.188,4,tension-p,6.50243e-03,-2.16853e-03,6.85450e-03,-204136.94
1199,18.500,4.500,2.013,4,tension-p,5.92350e-03,-1.79957e-03,6.19083e-03,-198889.68
1200,19.500,4.500,1.837,5,shear-n tension-n,5.22235e-03,-1.47402e-03,5.42638e-03,-195112.54
1201,10.500,0.500,4.388,4,tension-p,8.27575e-03,-5.52719e-03,9.95178e-03,-221311.74
1202,11.500,0.500,4.162,4,tension-p,8.71929e-03,-5.16547e-03,1.01345e-02,-217767.90
1203,12.500,0.500,3.938,4,tension-p,9.01081e-03,-4.80430e-03,1.02116e-02,-214138.24
1204,13.500,0.500,3.712,4,tension-p,9.11383e-03,-4.42452e-03,1.01311e-02,-210607.25
1205,14.500,0.500,3.487,4,tension-p,9.00988e-03,-3.98889e-03,9.85339e-03,-206539.07
1206,15.500,0.500,3.263,4,tension-p,8.68526e-03,-3.49021e-03,9.36031e-03,-202742.63
1207,16.500,0.500,3.037,4,tension-p,8.15291e-03,-2.95118e-03,8.67060e-03,-198012.72
1208,17.500,0.500,2.812,5,shear-n tension-n,7.46437e-03,-2.42295e-03,7.84777e-03,-193527.08
1209,18.500,0.500,2.587,4,tension-p,6.68453e-03,-1.94565e-03,6.96193e-03,-188113.76
1210,19.500,0.500,2.362,4,tension-p,5.84218e-03,-1.55107e-03,6.04458e-03,-185655.85
1211,10.500,1.500,4.388,4,tension-p,8.27911e-03,-5.52758e-03,9.95479e-03,-221312.97
1212,11.500,1.500,4.162,4,tension-p,8.72352e-03,-5.16547e-03,1.01381e-02,-217689.20
1213,12.500,1.500,3.938,4,tension-p,9.01291e-03,-4.80400e-03,1.02133e-02,-214223.26
1214,13.500,1.500,3.712,4,tension-p,9.11331e-03,-4.42455e-03,1.01306e-02,-210674.43
1215,14.500,1.500,3.487,4,tension-p,9.00918e-03,-3.98876e-03,9.85270e-03,-206575.90
1216,15.500,1.500,3.263,4,tension-p,8.68536e-03,-3.49016e-03,9.36038e-03,-202743.53
1217,16.500,1.500,3.037,4,tension-p,8.15351e-03,-2.95128e-03,8.67120e-03,-198051.90
1218,17.500,1.500,2.812,5,shear-n tension-n,7.46500e-03,-2.42340e-03,7.84851e-03,-193541.61
1219,18.500,1.500,2.587,5,shear-n tension-n,6.68466e-03,-1.94580e-03,6.96210e-03,-188148.66
1220,19.500,1.500,2.362,4,tension-p,5.84199e-03,-1.55099e-03,6.04437e-03,-185662.01
1221,10.500,2.500,4.388,4,tension-p,8.27802e-03,-5.52912e-03,9.95474e-03,-221325.45
1222,11.500,2.500,4.162,4,tension-p,8.72254e-03,-5.16660e-03,1.01379e-02,-217503.16
1223,12.500,2.500,3.938,4,tension-p,9.01432e-03,-4.80343e-03,1.02143e-02,-214327.90
1224,13.500,2.500,3.712,4,tension-p,9.11504e-03,-4.42361e-03,1.01317e-02,-210625.29
1225,14.500,2.500,3.487,4,tension-p,9.01002e-03,-3.98821e-03,9.85324e-03,-206573.08
1226,15.500,2.500,3.263,4,tension-p,8.68588e-03,-3.49045e-03,9.36097e-03,-202700.12
1227,16.500,2.500,3.037,4,tension-p,8.15383e-03,-2.95179e-03,8.67168e-03,-198084.26
1228,17.500,2.500,2.812,5,shear-n tension-n,7.46489e-03,-2.42382e-03,7.84853e-03,-193524.29
1229,18.500,2.500,2.587,4,tension-p,6.68460e-03,-1.94577e-03,6.96203e-03,-188131.98
1230,19.500,2.500,2.362,4,tension-p,5.84183e-03,-1.55086e-03,6.04418e-03,-185640.92
1231,10.500,3.500,4.388,4,tension-p,8.27486e-03,-5.52989e-03,9.95254e-03,-221339.80
1232,11.500,3.500,4.162,4,tension-p,8.72186e-03,-5.16654e-03,1.01373e-02,-217425.07
1233,12.500,3.500,3.938,4,tension-p,9.01606e-03,-4.80258e-03,1.02154e-02,-214360.22
1234,13.500,3.500,3.712,4,tension-p,9.11657e-03,-4.42311e-03,1.01329e-02,-210645.41
1235,14.500,3.500,3.487,4,tension-p,9.01084e-03,-3.98800e-03,9.85390e-03,-206593.07
1236,15.500,3.500,3.263,4,tension-p,8.68592e-03,-3.49071e-03,9.36110e-03,-202764.03
1237,16.500,3.500,3.037,4,tension-p,8.15322e-03,-2.95222e-03,8.67125e-03,-198075.46
1238,17.500,3.500,2.812,5,shear-n tension-n,7.46424e-03,-2.42384e-03,7.84792e-03,-193505.23
1239,18.500,3.500,2.587,5,shear-n tension-n,6.68418e-03,-1.94550e-03,6.96156e-03,-188155.72
1240,19.500,3.500,2.362,4,tension-p,5.84149e-03,-1.55054e-03,6.04378e-03,-185653.89
1241,10.500,4.500,4.388,4,tension-p,8.27388e-03,-5.52972e-03,9.95163e-03,-221403.58
1242,11.500,4.500,4.162,4,tension-p,8.72129e-03,-5.16636e-03,1.01367e-02,-217414.68
1243,12.500,4.500,3.938,4,tension-p,9.01560e-03,-4.80252e-03,1.02150e-02,-214276.58
1244,13.500,4.500,3.712,4,tension-p,9.11671e-03,-4.42369e-03,1.01333e-02,-210663.33
1245,14.500,4.500,3.487,4,tension-p,9.01119e-03,-3.98851e-03,9.85442e-03,-206574.51
1246,15.500,4.500,3.263,4,tension-p,8.68624e-03,-3.49035e-03,9.36127e-03,-202748.59
1247,16.500,4.500,3.037,4,tension-p,8.15371e-03,-2.95140e-03,8.67143e-03,-198027.73
1248,17.500,4.500,2.812,5,shear-n tension-n,7.46466e-03,-2.42314e-03,7.84811e-03,-193502.89
1249,18.500,4.500,2.587,5,shear-n tension-n,6.68435e-03,-1.94504e-03,6.96159e-03,-188136.53
1250,19.500,4.500,2.362,5,shear-n tension-n,5.84165e-03,-1.55001e-03,6.04379e-03,-185676.20
1251,10.500,0.500,5.363,4,tension-p,1.01772e-02,-7.17899e-03,1.24545e-02,-206127.39
1252,11.500,0.500,5.087,4,tension-p,1.05506e-02,-6.55344e-03,1.24203e-02,-203146.09
1253,12.500,0.500,4.812,4,tension-p,1.06784e-02,-5.89651e-03,1.21983e-02,-200441.99
1254,13.500,0.500,4.538,4,tension-p,1.05362e-02,-5.22461e-03,1.17605e-02,-197901.15
1255,14.500,0.500,4.263,4,tension-p,1.01447e-02,-4.52835e-03,1.11095e-02,-195090.40
1256,15.500,0.500,3.987,4,tension-p,9.55226e-03,-3.81667e-03,1.02865e-02,-191761.67
1257,16.500,0.500,3.712,5,shear-n tension-n,8.82680e-03,-3.12853e-03,9.36483e-03,-186897.80
1258,17.500,0.500,3.438,5,shear-n tension-n,8.02886e-03,-2.51181e-03,8.41260e-03,-182140.98
1259,18.500,0.500,3.163,5,shear-n tension-n,7.18311e-03,-1.98261e-03,7.45170e-03,-177783.10
1260,19.500,0.500,2.888,4,tension-p,6.28644e-03,-1.55436e-03,6.47575e-03,-175931.98
1261,10.500,1.500,5.363,4,tension-p,1.01812e-02,-7.17907e-03,1.24578e-02,-206106.41
1262,11.500,1.500,5.087,4,tension-p,1.05540e-02,-6.55354e-03,1.24232e-02,-203147.23
1263,12.500,1.500,4.812,4,tension-p,1.06791e-02,-5.89608e-03,1.21986e-02,-200507.26
1264,13.500,1.500,4.538,4,tension-p,1.05355e-02,-5.22406e-03,1.17596e-02,-197960.39
1265,14.500,1.500,4.263,4,tension-p,1.01445e-02,-4.52782e-03,1.11091e-02,-195085.07
1266,15.500,1.500,3.987,4,tension-p,9.55231e-03,-3.81577e-03,1.02862e-02,-191763.28
1267,16.500,1.500,3.712,5,shear-n tension-n,8.82677e-03,-3.12769e-03,9.36453e-03,-186919.61
1268,17.500,1.500,3.438,5,shear-n tension-n,8.02909e-03,-2.51157e-03,8.41275e-03,-182171.32
1269,18.500,1.500,3.163,5,shear-n tension-n,7.18318e-03,-1.98254e-03,7.45175e-03,-177819.34
1270,19.500,1.500,2.888,4,tension-p,6.28634e-03,-1.55431e-03,6.47564e-03,-175918.34
1271,10.500,2.500,5.363,4,tension-p,1.01816e-02,-7.18098e-03,1.24592e-02,-206071.73
1272,11.500,2.500,5.087,4,tension-p,1.05541e-02,-6.55550e-03,1.24243e-02,-203074.82
1273,12.500,2.500,4.812,4,tension-p,1.06806e-02,-5.89620e-03,1.22000e-02,-200546.40
1274,13.500,2.500,4.538,4,tension-p,1.05377e-02,-5.22339e-03,1.17612e-02,-197921.77
1275,14.500,2.500,4.263,4,tension-p,1.01457e-02,-4.52719e-03,1.11100e-02,-195112.00
1276,15.500,2.500,3.987,4,tension-p,9.55279e-03,-3.81539e-03,1.02865e-02,-191760.25
1277,16.500,2.500,3.712,5,shear-n tension-n,8.82685e-03,-3.12762e-03,9.36457e-03,-186945.80
1278,17.500,2.500,3.438,5,shear-n tension-n,8.02884e-03,-2.51166e-03,8.41254e-03,-182149.51
1279,18.500,2.500,3.163,5,shear-n tension-n,7.18312e-03,-1.98257e-03,7.45170e-03,-177792.38
1280,19.500,2.500,2.888,4,tension-p,6.28632e-03,-1.55432e-03,6.47562e-03,-175910.10
1281,10.500,3.500,5.363,4,tension-p,1.01796e-02,-7.18267e-03,1.24585e-02,-206092.58
1282,11.500,3.500,5.087,4,tension-p,1.05550e-02,-6.55668e-03,1.24257e-02,-203024.61
1283,12.500,3.500,4.812,4,tension-p,1.06829e-02,-5.89653e-03,1.22022e-02,-200580.93
1284,13.500,3.500,4.538,4,tension-p,1.05391e-02,-5.22364e-03,1.17626e-02,-197928.76
1285,14.500,3.500,4.263,4,tension-p,1.01463e-02,-4.52743e-03,1.11105e-02,-195136.31
1286,15.500,3.500,3.987,4,tension-p,9.55259e-03,-3.81607e-03,1.02866e-02,-191800.98
1287,16.500,3.500,3.712,5,shear-n tension-n,8.82638e-03,-3.12820e-03,9.36433e-03,-186920.14
1288,17.500,3.500,3.438,5,shear-n tension-n,8.02839e-03,-2.51165e-03,8.41210e-03,-182143.51
1289,18.500,3.500,3.163,5,shear-n tension-n,7.18273e-03,-1.98232e-03,7.45125e-03,-177805.22
1290,19.500,3.500,2.888,4,tension-p,6.28606e-03,-1.55399e-03,6.47529e-03,-175917.52
1291,10.500,4.500,5.363,4,tension-p,1.01792e-02,-7.18293e-03,1.24583e-02,-206096.56
1292,11.500,4.500,5.087,4,tension-p,1.05564e-02,-6.55694e-03,1.24270e-02,-203005.03
1293,12.500,4.500,4.812,4,tension-p,1.06850e-02,-5.89693e-03,1.22043e-02,-200526.63
1294,13.500,4.500,4.538,4,tension-p,1.05409e-02,-5.22425e-03,1.17645e-02,-197967.17
1295,14.500,4.500,4.263,4,tension-p,1.01473e-02,-4.52808e-03,1.11118e-02,-195138.25
1296,15.500,4.500,3.987,4,tension-p,9.55326e-03,-3.81635e-03,1.02873e-02,-191761.99
1297,16.500,4.500,3.712,5,shear-n tension-n,8.82672e-03,-3.12791e-03,9.36455e-03,-186886.95
1298,17.500,4.500,3.438,5,shear-n tension-n,8.02844e-03,-2.51113e-03,8.41200e-03,-182134.47
1299,18.500,4.500,3.163,5,shear-n tension-n,7.18259e-03,-1.98174e-03,7.45097e-03,-177806.07
1300,19.500,4.500,2.888,4,tension-p,6.28595e-03,-1.55341e-03,6.47504e-03,-175931.53
1301,10.500,0.500,6.337,4,tension-p,1.15281e-02,-8.62162e-03,1.43954e-02,-191524.27
1302,11.500,0.500,6.012,4,tension-p,1.17395e-02,-7.65169e-03,1.40130e-02,-189328.85
1303,12.500,0.500,5.688,4,tension-p,1.16644e-02,-6.65750e-03,1.34306e-02,-187775.71
1304,13.500,0.500,5.362,4,tension-p,1.13134e-02,-5.70330e-03,1.26697e-02,-186387.87
1305,14.500,0.500,5.038,4,tension-p,1.07490e-02,-4.80847e-03,1.17755e-02,-183945.31
1306,15.500,0.500,4.712,4,tension-p,1.00567e-02,-3.97201e-03,1.08127e-02,-179727.40
1307,16.500,0.500,4.388,5,shear-n tension-n,9.28791e-03,-3.20856e-03,9.82650e-03,-175261.70
1308,17.500,0.500,4.062,5,shear-n tension-n,8.45784e-03,-2.53842e-03,8.83055e-03,-170902.35
1309,18.500,0.500,3.738,5,shear-n tension-n,7.57280e-03,-1.96973e-03,7.82477e-03,-167605.61
1310,19.500,0.500,3.413,4,tension-p,6.63336e-03,-1.51595e-03,6.80438e-03,-165900.24
1311,10.500,1.500,6.337,4,tension-p,1.15320e-02,-8.62176e-03,1.43987e-02,-191523.14
1312,11.500,1.500,6.012,4,tension-p,1.17418e-02,-7.65181e-03,1.40150e-02,-189374.05
1313,12.500,1.500,5.688,4,tension-p,1.16642e-02,-6.65735e-03,1.34303e-02,-187804.79
1314,13.500,1.500,5.362,4,tension-p,1.13129e-02,-5.70272e-03,1.26690e-02,-186357.46
1315,14.500,1.500,5.038,4,tension-p,1.07496e-02,-4.80776e-03,1.17758e-02,-183946.85
1316,15.500,1.500,4.712,4,tension-p,1.00576e-02,-3.97112e-03,1.08132e-02,-179733.40
1317,16.500,1.500,4.388,5,shear-n tension-n,9.28832e-03,-3.20763e-03,9.82658e-03,-175277.45
1318,17.500,1.500,4.062,5,shear-n tension-n,8.45786e-03,-2.53783e-03,8.83040e-03,-170910.22
1319,18.500,1.500,3.738,5,shear-n tension-n,7.57280e-03,-1.96950e-03,7.82472e-03,-167612.41
1320,19.500,1.500,3.413,4,tension-p,6.63340e-03,-1.51595e-03,6.80442e-03,-165891.84
1321,10.500,2.500,6.337,4,tension-p,1.15330e-02,-8.62360e-03,1.44006e-02,-191495.77
1322,11.500,2.500,6.012,4,tension-p,1.17422e-02,-7.65329e-03,1.40161e-02,-189351.75
1323,12.500,2.500,5.688,4,tension-p,1.16655e-02,-6.65742e-03,1.34315e-02,-187784.40
1324,13.500,2.500,5.362,4,tension-p,1.13147e-02,-5.70217e-03,1.26704e-02,-186395.27
1325,14.500,2.500,5.038,4,tension-p,1.07502e-02,-4.80711e-03,1.17761e-02,-183958.10
1326,15.500,2.500,4.712,5,shear-n tension-n,1.00575e-02,-3.97021e-03,1.08127e-02,-179729.35
1327,16.500,2.500,4.388,5,shear-n tension-n,9.28824e-03,-3.20697e-03,9.82629e-03,-175294.93
1328,17.500,2.500,4.062,5,shear-n tension-n,8.45778e-03,-2.53761e-03,8.83026e-03,-170906.84
1329,18.500,2.500,3.738,5,shear-n tension-n,7.57272e-03,-1.96940e-03,7.82461e-03,-167605.11
1330,19.500,2.500,3.413,4,tension-p,6.63335e-03,-1.51592e-03,6.80436e-03,-165888.61
1331,10.500,3.500,6.337,4,tension-p,1.15309e-02,-8.62601e-03,1.44003e-02,-191534.37
1332,11.500,3.500,6.012,4,tension-p,1.17426e-02,-7.65470e-03,1.40173e-02,-189356.86
1333,12.500,3.500,5.688,4,tension-p,1.16673e-02,-6.65785e-03,1.34333e-02,-187807.25
1334,13.500,3.500,5.362,4,tension-p,1.13161e-02,-5.70247e-03,1.26717e-02,-186376.60
1335,14.500,3.500,5.038,4,tension-p,1.07507e-02,-4.80738e-03,1.17766e-02,-183995.65
1336,15.500,3.500,4.712,5,shear-n tension-n,1.00571e-02,-3.97066e-03,1.08125e-02,-179741.26
1337,16.500,3.500,4.388,5,shear-n tension-n,9.28773e-03,-3.20744e-03,9.82597e-03,-175280.91
1338,17.500,3.500,4.062,5,shear-n tension-n,8.45747e-03,-2.53769e-03,8.82999e-03,-170902.43
1339,18.500,3.500,3.738,5,shear-n tension-n,7.57242e-03,-1.96921e-03,7.82428e-03,-167605.46
1340,19.500,3.500,3.413,4,tension-p,6.63314e-03,-1.51563e-03,6.80409e-03,-165891.24
1341,10.500,4.500,6.337,4,tension-p,1.15318e-02,-8.62699e-03,1.44016e-02,-191509.47
1342,11.500,4.500,6.012,4,tension-p,1.17453e-02,-7.65521e-03,1.40198e-02,-189315.24
1343,12.500,4.500,5.688,4,tension-p,1.16699e-02,-6.65801e-03,1.34356e-02,-187814.96
1344,13.500,4.500,5.362,4,tension-p,1.13178e-02,-5.70280e-03,1.26733e-02,-186441.92
1345,14.500,4.500,5.038,4,tension-p,1.07520e-02,-4.80816e-03,1.17781e-02,-184013.43
1346,15.500,4.500,4.712,4,tension-p,1.00582e-02,-3.97144e-03,1.08139e-02,-179716.12
1347,16.500,4.500,4.388,5,shear-n tension-n,9.28813e-03,-3.20772e-03,9.82643e-03,-175245.58
1348,17.500,4.500,4.062,5,shear-n tension-n,8.45738e-03,-2.53743e-03,8.82982e-03,-170888.46
1349,18.500,4.500,3.738,5,shear-n tension-n,7.57224e-03,-1.96879e-03,7.82400e-03,-167605.34
1350,19.500,4.500,3.413,4,tension-p,6.63300e-03,-1.51521e-03,6.80386e-03,-165901.79
1351,10.500,0.500,7.312,4,tension-p,1.22242e-02,-9.73838e-03,1.56291e-02,-177806.68
1352,11.500,0.500,6.938,4,tension-p,1.23220e-02,-8.44146e-03,1.49362e-02,-176696.01
1353,12.500,0.500,6.562,4,tension-p,1.21526e-02,-7.17130e-03,1.41108e-02,-175717.67
1354,13.500,0.500,6.187,4,tension-p,1.17390e-02,-6.01182e-03,1.31888e-02,-174569.96
1355,14.500,0.500,5.812,5,shear-n tension-n,1.11417e-02,-4.98653e-03,1.22067e-02,-171640.61
1356,15.500,0.500,5.438,5,shear-n tension-n,1.04277e-02,-4.06361e-03,1.11915e-02,-167715.39
1357,16.500,0.500,5.063,5,shear-n tension-n,9.63137e-03,-3.23331e-03,1.01596e-02,-163617.11
1358,17.500,0.500,4.687,5,shear-n tension-n,8.77072e-03,-2.51240e-03,9.12347e-03,-159879.03
1359,18.500,0.500,4.312,5,shear-n tension-n,7.85847e-03,-1.91168e-03,8.08764e-03,-157218.24
1360,19.500,0.500,3.938,4,tension-p,6.89554e-03,-1.44048e-03,7.04439e-03,-156148.86
1361,10.500,1.500,7.312,4,tension-p,1.22270e-02,-9.73828e-03,1.56312e-02,-177830.79
1362,11.500,1.500,6.938,4,tension-p,1.23231e-02,-8.44146e-03,1.49371e-02,-176708.82
1363,12.500,1.500,6.562,4,tension-p,1.21526e-02,-7.17160e-03,1.41109e-02,-175676.73
1364,13.500,1.500,6.187,4,tension-p,1.17392e-02,-6.01173e-03,1.31890e-02,-174552.46
1365,14.500,1.500,5.812,5,shear-n tension-n,1.11424e-02,-4.98579e-03,1.22070e-02,-171657.22
1366,15.500,1.500,5.438,5,shear-n tension-n,1.04284e-02,-4.06280e-03,1.11919e-02,-167746.94
1367,16.500,1.500,5.063,5,shear-n tension-n,9.63173e-03,-3.23262e-03,1.01597e-02,-163625.93
1368,17.500,1.500,4.687,5,shear-n tension-n,8.77066e-03,-2.51178e-03,9.12324e-03,-159877.31
1369,18.500,1.500,4.312,5,shear-n tension-n,7.85835e-03,-1.91135e-03,8.08745e-03,-157214.93
1370,19.500,1.500,3.938,4,tension-p,6.89553e-03,-1.44041e-03,7.04437e-03,-156145.77
1371,10.500,2.500,7.312,4,tension-p,1.22275e-02,-9.73932e-03,1.56322e-02,-177837.18
1372,11.500,2.500,6.938,4,tension-p,1.23230e-02,-8.44224e-03,1.49375e-02,-176706.09
1373,12.500,2.500,6.562,4,tension-p,1.21533e-02,-7.17142e-03,1.41114e-02,-175672.94
1374,13.500,2.500,6.187,4,tension-p,1.17402e-02,-6.01112e-03,1.31896e-02,-174575.08
1375,14.500,2.500,5.812,4,tension-p,1.11426e-02,-4.98541e-03,1.22071e-02,-171637.53
1376,15.500,2.500,5.438,5,shear-n tension-n,1.04284e-02,-4.06221e-03,1.11917e-02,-167724.23
1377,16.500,2.500,5.063,5,shear-n tension-n,9.63173e-03,-3.23192e-03,1.01595e-02,-163637.09
1378,17.500,2.500,4.687,5,shear-n tension-n,8.77063e-03,-2.51137e-03,9.12310e-03,-159884.23
1379,18.500,2.500,4.312,5,shear-n tension-n,7.85828e-03,-1.91114e-03,8.08734e-03,-157212.18
1380,19.500,2.500,3.938,4,tension-p,6.89544e-03,-1.44030e-03,7.04426e-03,-156138.53
1381,10.500,3.500,7.312,5,shear-n tension-n,1.22240e-02,-9.74122e-03,1.56307e-02,-177851.98
1382,11.500,3.500,6.938,4,tension-p,1.23219e-02,-8.44294e-03,1.49370e-02,-176678.05
1383,12.500,3.500,6.562,4,tension-p,1.21537e-02,-7.17099e-03,1.41116e-02,-175708.55
1384,13.500,3.500,6.187,4,tension-p,1.17405e-02,-6.01055e-03,1.31896e-02,-174589.88
1385,14.500,3.500,5.812,4,tension-p,1.11426e-02,-4.98531e-03,1.22070e-02,-171637.82
1386,15.500,3.500,5.438,5,shear-n tension-n,1.04281e-02,-4.06254e-03,1.11915e-02,-167734.40
1387,16.500,3.500,5.063,5,shear-n tension-n,9.63139e-03,-3.23223e-03,1.01593e-02,-163635.04
1388,17.500,3.500,4.687,5,shear-n tension-n,8.77040e-03,-2.51145e-03,9.12290e-03,-159889.27
1389,18.500,3.500,4.312,5,shear-n tension-n,7.85806e-03,-1.91099e-03,8.08709e-03,-157213.61
1390,19.500,3.500,3.938,4,tension-p,6.89527e-03,-1.44008e-03,7.04405e-03,-156142.11
1391,10.500,4.500,7.312,5,shear-n tension-n,1.22245e-02,-9.74196e-03,1.56315e-02,-177841.61
1392,11.500,4.500,6.938,4,tension-p,1.23233e-02,-8.44299e-03,1.49381e-02,-176702.34
1393,12.500,4.500,6.562,4,tension-p,1.21543e-02,-7.17043e-03,1.41118e-02,-175735.32
1394,13.500,4.500,6.187,4,tension-p,1.17407e-02,-6.00991e-03,1.31896e-02,-174622.42
1395,14.500,4.500,5.812,4,tension-p,1.11431e-02,-4.98535e-03,1.22075e-02,-171671.04
1396,15.500,4.500,5.438,5,shear-n tension-n,1.04289e-02,-4.06308e-03,1.11925e-02,-167737.96
1397,16.500,4.500,5.063,5,shear-n tension-n,9.63192e-03,-3.23267e-03,1.01599e-02,-163607.31
1398,17.500,4.500,4.687,5,shear-n tension-n,8.77033e-03,-2.51143e-03,9.12282e-03,-159857.07
1399,18.500,4.500,4.312,5,shear-n tension-n,7.85783e-03,-1.91070e-03,8.08680e-03,-157206.78
1400,19.500,4.500,3.938,4,tension-p,6.89514e-03,-1.43980e-03,7.04386e-03,-156150.33
1401,10.500,0.500,8.287,13,shear-n tension-n,1.24166e-02,-1.06031e-02,1.63278e-02,-165039.46
1402,11.500,0.500,7.863,13,shear-n tension-n,1.25132e-02,-9.04870e-03,1.54421e-02,-164483.50
1403,12.500,0.500,7.437,13,shear-n tension-n,1.23688e-02,-7.57638e-03,1.45048e-02,-163395.17
1404,13.500,0.500,7.013,13,shear-n tension-n,1.19895e-02,-6.25500e-03,1.35231e-02,-162104.06
1405,14.500,0.500,6.588,13,shear-n tension-n,1.14081e-02,-5.11102e-03,1.25007e-02,-159460.57
1406,15.500,0.500,6.162,5,shear-n tension-n,1.06858e-02,-4.10033e-03,1.14455e-02,-155840.36
1407,16.500,0.500,5.738,5,shear-n tension-n,9.86855e-03,-3.20322e-03,1.03754e-02,-152033.11
1408,17.500,0.500,5.312,5,shear-n tension-n,8.98352e-03,-2.43777e-03,9.30840e-03,-148829.19
1409,18.500,0.500,4.888,5,shear-n tension-n,8.05196e-03,-1.81409e-03,8.25379e-03,-146817.86
1410,19.500,0.500,4.463,4,tension-p,7.08106e-03,-1.33448e-03,7.20571e-03,-146272.51
1411,10.500,1.500,8.287,13,shear-n tension-n,1.24186e-02,-1.06029e-02,1.63292e-02,-165046.72
1412,11.500,1.500,7.863,13,shear-n tension-n,1.25140e-02,-9.04887e-03,1.54429e-02,-164479.18
1413,12.500,1.500,7.437,13,shear-n tension-n,1.23692e-02,-7.57683e-03,1.45053e-02,-163416.32
1414,13.500,1.500,7.013,13,shear-n tension-n,1.19900e-02,-6.25513e-03,1.35236e-02,-162104.47
1415,14.500,1.500,6.588,13,shear-n tension-n,1.14089e-02,-5.11060e-03,1.25013e-02,-159471.49
1416,15.500,1.500,6.162,5,shear-n tension-n,1.06865e-02,-4.09984e-03,1.14459e-02,-155865.46
1417,16.500,1.500,5.738,5,shear-n tension-n,9.86886e-03,-3.20282e-03,1.03756e-02,-152018.82
1418,17.500,1.500,5.312,5,shear-n tension-n,8.98357e-03,-2.43737e-03,9.30835e-03,-148821.01
1419,18.500,1.500,4.888,5,shear-n tension-n,8.05190e-03,-1.81383e-03,8.25367e-03,-146816.21
1420,19.500,1.500,4.463,4,tension-p,7.08101e-03,-1.33435e-03,7.20563e-03,-146268.28
1421,10.500,2.500,8.287,13,shear-n tension-n,1.24185e-02,-1.06032e-02,1.63294e-02,-165053.35
1422,11.500,2.500,7.863,13,shear-n tension-n,1.25136e-02,-9.04942e-03,1.54429e-02,-164478.65
1423,12.500,2.500,7.437,13,shear-n tension-n,1.23694e-02,-7.57671e-03,1.45055e-02,-163390.41
1424,13.500,2.500,7.013,13,shear-n tension-n,1.19907e-02,-6.25451e-03,1.35239e-02,-162089.65
1425,14.500,2.500,6.588,13,shear-n tension-n,1.14094e-02,-5.11051e-03,1.25016e-02,-159438.39
1426,15.500,2.500,6.162,5,shear-n tension-n,1.06868e-02,-4.09987e-03,1.14463e-02,-155856.91
1427,16.500,2.500,5.738,5,shear-n tension-n,9.86905e-03,-3.20249e-03,1.03756e-02,-152033.29
1428,17.500,2.500,5.312,5,shear-n tension-n,8.98360e-03,-2.43699e-03,9.30828e-03,-148823.88
1429,18.500,2.500,4.888,5,shear-n tension-n,8.05186e-03,-1.81360e-03,8.25358e-03,-146818.48
1430,19.500,2.500,4.463,4,tension-p,7.08091e-03,-1.33418e-03,7.20551e-03,-146268.86
1431,10.500,3.500,8.287,13,shear-n tension-n,1.24150e-02,-1.06043e-02,1.63274e-02,-165054.68
1432,11.500,3.500,7.863,13,shear-n tension-n,1.25125e-02,-9.04971e-03,1.54422e-02,-164478.22
1433,12.500,3.500,7.437,13,shear-n tension-n,1.23695e-02,-7.57598e-03,1.45052e-02,-163430.06
1434,13.500,3.500,7.013,13,shear-n tension-n,1.19908e-02,-6.25347e-03,1.35235e-02,-162081.66
1435,14.500,3.500,6.588,13,shear-n tension-n,1.14095e-02,-5.11021e-03,1.25016e-02,-159462.22
1436,15.500,3.500,6.162,5,shear-n tension-n,1.06867e-02,-4.10025e-03,1.14463e-02,-155845.67
1437,16.500,3.500,5.738,5,shear-n tension-n,9.86891e-03,-3.20271e-03,1.03756e-02,-152045.90
1438,17.500,3.500,5.312,5,shear-n tension-n,8.98348e-03,-2.43704e-03,9.30817e-03,-148829.05
1439,18.500,3.500,4.888,5,shear-n tension-n,8.05171e-03,-1.81349e-03,8.25341e-03,-146822.68
1440,19.500,3.500,4.463,4,tension-p,7.08077e-03,-1.33403e-03,7.20535e-03,-146270.04
1441,10.500,4.500,8.287,13,shear-n tension-n,1.24142e-02,-1.06044e-02,1.63268e-02,-165068.56
1442,11.500,4.500,7.863,13,shear-n tension-n,1.25124e-02,-9.04951e-03,1.54419e-02,-164500.73
1443,12.500,4.500,7.437,13,shear-n tension-n,1.23694e-02,-7.57539e-03,1.45047e-02,-163420.34
1444,13.500,4.500,7.013,13,shear-n tension-n,1.19909e-02,-6.25242e-03,1.35231e-02,-162101.80
1445,14.500,4.500,6.588,13,shear-n tension-n,1.14096e-02,-5.10953e-03,1.25015e-02,-159480.40
1446,15.500,4.500,6.162,5,shear-n tension-n,1.06871e-02,-4.10033e-03,1.14467e-02,-155850.86
1447,16.500,4.500,5.738,5,shear-n tension-n,9.86934e-03,-3.20308e-03,1.03761e-02,-152028.81
1448,17.500,4.500,5.312,5,shear-n tension-n,8.98348e-03,-2.43713e-03,9.30820e-03,-148788.42
1449,18.500,4.500,4.888,5,shear-n tension-n,8.05147e-03,-1.81327e-03,8.25313e-03,-146816.74
1450,19.500,4.500,4.463,4,tension-p,7.08063e-03,-1.33385e-03,7.20517e-03,-146272.34
1451,10.500,0.500,9.262,13,shear-n tension-n,1.25670e-02,-1.14915e-02,1.70290e-02,-152717.40
1452,11.500,0.500,8.788,13,shear-n tension-n,1.26936e-02,-9.67004e-03,1.59573e-02,-152863.89
1453,12.500,0.500,8.312,13,shear-n tension-n,1.25382e-02,-7.97953e-03,1.48620e-02,-151292.80
1454,13.500,0.500,7.838,13,shear-n tension-n,1.21560e-02,-6.47392e-03,1.37724e-02,-149945.30
1455,14.500,0.500,7.362,13,shear-n tension-n,1.15781e-02,-5.19197e-03,1.26889e-02,-147433.99
1456,15.500,0.500,6.888,13,shear-n tension-n,1.08491e-02,-4.08605e-03,1.15931e-02,-144081.37
1457,16.500,0.500,6.413,13,shear-n tension-n,1.00138e-02,-3.11985e-03,1.04885e-02,-140536.05
1458,17.500,0.500,5.938,13,shear-n tension-n,9.10871e-03,-2.31639e-03,9.39863e-03,-137627.76
1459,18.500,0.500,5.463,4,tension-p,8.16410e-03,-1.68213e-03,8.33559e-03,-136403.87
1460,19.500,0.500,4.987,4,tension-p,7.19816e-03,-1.20342e-03,7.29807e-03,-135931.50
1461,10.500,1.500,9.262,13,shear-n tension-n,1.25687e-02,-1.14912e-02,1.70300e-02,-152709.20
1462,11.500,1.500,8.788,13,shear-n tension-n,1.26940e-02,-9.67014e-03,1.59577e-02,-152879.95
1463,12.500,1.500,8.312,13,shear-n tension-n,1.25381e-02,-7.97978e-03,1.48621e-02,-151318.60
1464,13.500,1.500,7.838,13,shear-n tension-n,1.21564e-02,-6.47392e-03,1.37728e-02,-149932.09
1465,14.500,1.500,7.362,13,shear-n tension-n,1.15788e-02,-5.19185e-03,1.26895e-02,-147425.76
1466,15.500,1.500,6.888,13,shear-n tension-n,1.08498e-02,-4.08601e-03,1.15937e-02,-144085.20
1467,16.500,1.500,6.413,13,shear-n tension-n,1.00143e-02,-3.11979e-03,1.04890e-02,-140540.67
1468,17.500,1.500,5.938,13,shear-n tension-n,9.10888e-03,-2.31624e-03,9.39876e-03,-137611.23
1469,18.500,1.500,5.463,4,tension-p,8.16407e-03,-1.68193e-03,8.33552e-03,-136408.62
1470,19.500,1.500,4.987,4,tension-p,7.19809e-03,-1.20326e-03,7.29797e-03,-135930.77
1471,10.500,2.500,9.262,13,shear-n tension-n,1.25687e-02,-1.14911e-02,1.70299e-02,-152710.37
1472,11.500,2.500,8.788,13,shear-n tension-n,1.26936e-02,-9.67051e-03,1.59576e-02,-152869.83
1473,12.500,2.500,8.312,13,shear-n tension-n,1.25384e-02,-7.97991e-03,1.48624e-02,-151293.87
1474,13.500,2.500,7.838,13,shear-n tension-n,1.21575e-02,-6.47348e-03,1.37736e-02,-149908.24
1475,14.500,2.500,7.362,13,shear-n tension-n,1.15797e-02,-5.19167e-03,1.26903e-02,-147420.62
1476,15.500,2.500,6.888,13,shear-n tension-n,1.08503e-02,-4.08634e-03,1.15942e-02,-144079.82
1477,16.500,2.500,6.413,13,shear-n tension-n,1.00146e-02,-3.11988e-03,1.04893e-02,-140544.09
1478,17.500,2.500,5.938,13,shear-n tension-n,9.10898e-03,-2.31600e-03,9.39880e-03,-137618.73
1479,18.500,2.500,5.463,4,tension-p,8.16405e-03,-1.68171e-03,8.33546e-03,-136409.79
1480,19.500,2.500,4.987,4,tension-p,7.19801e-03,-1.20310e-03,7.29787e-03,-135931.06
1481,10.500,3.500,9.262,13,shear-n tension-n,1.25661e-02,-1.14915e-02,1.70283e-02,-152719.04
1482,11.500,3.500,8.788,13,shear-n tension-n,1.26932e-02,-9.67073e-03,1.59574e-02,-152877.24
1483,12.500,3.500,8.312,13,shear-n tension-n,1.25393e-02,-7.97954e-03,1.48629e-02,-151310.28
1484,13.500,3.500,7.838,13,shear-n tension-n,1.21587e-02,-6.47270e-03,1.37743e-02,-149916.67
1485,14.500,3.500,7.362,13,shear-n tension-n,1.15806e-02,-5.19132e-03,1.26909e-02,-147445.54
1486,15.500,3.500,6.888,13,shear-n tension-n,1.08506e-02,-4.08676e-03,1.15947e-02,-144086.56
1487,16.500,3.500,6.413,13,shear-n tension-n,1.00146e-02,-3.12019e-03,1.04894e-02,-140555.88
1488,17.500,3.500,5.938,13,shear-n tension-n,9.10890e-03,-2.31597e-03,9.39871e-03,-137623.16
1489,18.500,3.500,5.463,4,tension-p,8.16393e-03,-1.68160e-03,8.33532e-03,-136405.66
1490,19.500,3.500,4.987,4,tension-p,7.19790e-03,-1.20299e-03,7.29773e-03,-135932.90
1491,10.500,4.500,9.262,13,shear-n tension-n,1.25651e-02,-1.14914e-02,1.70274e-02,-152719.90
1492,11.500,4.500,8.788,13,shear-n tension-n,1.26930e-02,-9.67069e-03,1.59572e-02,-152878.96
1493,12.500,4.500,8.312,13,shear-n tension-n,1.25396e-02,-7.97935e-03,1.48631e-02,-151306.93
1494,13.500,4.500,7.838,13,shear-n tension-n,1.21596e-02,-6.47204e-03,1.37748e-02,-149905.81
1495,14.500,4.500,7.362,13,shear-n tension-n,1.15815e-02,-5.19066e-03,1.26915e-02,-147447.03
1496,15.500,4.500,6.888,13,shear-n tension-n,1.08509e-02,-4.08672e-03,1.15950e-02,-144093.66
1497,16.500,4.500,6.413,13,shear-n tension-n,1.00147e-02,-3.12058e-03,1.04897e-02,-140546.31
1498,17.500,4.500,5.938,13,shear-n tension-n,9.10892e-03,-2.31614e-03,9.39877e-03,-137581.76
1499,18.500,4.500,5.463,4,tension-p,8.16373e-03,-1.68147e-03,8.33510e-03,-136406.37
1500,19.500,4.500,4.987,4,tension-p,7.19774e-03,-1.20286e-03,7.29756e-03,-135934.04
1501,10.500,0.500,10.238,13,shear-n tension-n,1.41342e-02,-1.31577e-02,1.93107e-02,-142929.69
1502,11.500,0.500,9.713,13,shear-n tension-n,1.40268e-02,-1.07860e-02,1.76943e-02,-141029.37
1503,12.500,0.500,9.187,13,shear-n tension-n,1.34889e-02,-8.65464e-03,1.60267e-02,-140301.62
1504,13.500,0.500,8.662,13,shear-n tension-n,1.27102e-02,-6.79543e-03,1.44127e-02,-138369.23
1505,14.500,0.500,8.137,13,shear-n tension-n,1.18413e-02,-5.27107e-03,1.29615e-02,-136569.89
1506,15.500,0.500,7.613,13,shear-n tension-n,1.09590e-02,-4.02414e-03,1.16744e-02,-132764.23
1507,16.500,0.500,7.088,13,shear-n tension-n,1.00784e-02,-2.98226e-03,1.05103e-02,-128458.11
1508,17.500,0.500,6.562,13,shear-n tension-n,9.15929e-03,-2.14791e-03,9.40777e-03,-126773.62
1509,18.500,0.500,6.037,12,tension-p,8.20284e-03,-1.51747e-03,8.34202e-03,-125410.51
1510,19.500,0.500,5.513,4,tension-p,7.25144e-03,-1.05110e-03,7.32722e-03,-125593.39
1511,10.500,1.500,10.238,13,shear-n tension-n,1.41363e-02,-1.31571e-02,1.93118e-02,-142920.92
1512,11.500,1.500,9.713,13,shear-n tension-n,1.40278e-02,-1.07860e-02,1.76952e-02,-141027.32
1513,12.500,1.500,9.187,13,shear-n tension-n,1.34897e-02,-8.65533e-03,1.60277e-02,-140310.79
1514,13.500,1.500,8.662,13,shear-n tension-n,1.27113e-02,-6.79591e-03,1.44139e-02,-138364.10
1515,14.500,1.500,8.137,13,shear-n tension-n,1.18422e-02,-5.27114e-03,1.29624e-02,-136555.91
1516,15.500,1.500,7.613,13,shear-n tension-n,1.09595e-02,-4.02430e-03,1.16750e-02,-132759.52
1517,16.500,1.500,7.088,13,shear-n tension-n,1.00788e-02,-2.98238e-03,1.05108e-02,-128463.21
1518,17.500,1.500,6.562,13,shear-n tension-n,9.15955e-03,-2.14787e-03,9.40801e-03,-126768.10
1519,18.500,1.500,6.037,12,tension-p,8.20287e-03,-1.51733e-03,8.34202e-03,-125407.20
1520,19.500,1.500,5.513,4,tension-p,7.25139e-03,-1.05096e-03,7.32715e-03,-125595.21
1521,10.500,2.500,10.238,13,shear-n tension-n,1.41367e-02,-1.31568e-02,1.93119e-02,-142928.19
1522,11.500,2.500,9.713,13,shear-n tension-n,1.40281e-02,-1.07865e-02,1.76957e-02,-141017.91
1523,12.500,2.500,9.187,13,shear-n tension-n,1.34908e-02,-8.65601e-03,1.60290e-02,-140326.27
1524,13.500,2.500,8.662,13,shear-n tension-n,1.27129e-02,-6.79592e-03,1.44154e-02,-138352.55
1525,14.500,2.500,8.137,13,shear-n tension-n,1.18437e-02,-5.27090e-03,1.29636e-02,-136566.83
1526,15.500,2.500,7.613,13,shear-n tension-n,1.09602e-02,-4.02469e-03,1.16758e-02,-132773.97
1527,16.500,2.500,7.088,13,shear-n tension-n,1.00791e-02,-2.98277e-03,1.05112e-02,-128462.94
1528,17.500,2.500,6.562,13,shear-n tension-n,9.15970e-03,-2.14777e-03,9.40813e-03,-126771.39
1529,18.500,2.500,6.037,12,tension-p,8.20286e-03,-1.51713e-03,8.34198e-03,-125407.87
1530,19.500,2.500,5.513,4,tension-p,7.25132e-03,-1.05081e-03,7.32706e-03,-125594.87
1531,10.500,3.500,10.238,13,shear-n tension-n,1.41352e-02,-1.31566e-02,1.93106e-02,-142934.37
1532,11.500,3.500,9.713,13,shear-n tension-n,1.40285e-02,-1.07867e-02,1.76961e-02,-141032.12
1533,12.500,3.500,9.187,13,shear-n tension-n,1.34922e-02,-8.65614e-03,1.60303e-02,-140316.15
1534,13.500,3.500,8.662,13,shear-n tension-n,1.27149e-02,-6.79527e-03,1.44168e-02,-138342.12
1535,14.500,3.500,8.137,13,shear-n tension-n,1.18453e-02,-5.27035e-03,1.29649e-02,-136582.33
1536,15.500,3.500,7.613,13,shear-n tension-n,1.09609e-02,-4.02518e-03,1.16767e-02,-132787.89
1537,16.500,3.500,7.088,13,shear-n tension-n,1.00792e-02,-2.98332e-03,1.05115e-02,-128456.26
1538,17.500,3.500,6.562,13,shear-n tension-n,9.15962e-03,-2.14779e-03,9.40807e-03,-126766.27
1539,18.500,3.500,6.037,12,tension-p,8.20274e-03,-1.51703e-03,8.34184e-03,-125412.95
1540,19.500,3.500,5.513,4,tension-p,7.25122e-03,-1.05071e-03,7.32695e-03,-125594.42
1541,10.500,4.500,10.238,13,shear-n tension-n,1.41340e-02,-1.31563e-02,1.93095e-02,-142931.65
1542,11.500,4.500,9.713,13,shear-n tension-n,1.40281e-02,-1.07866e-02,1.76957e-02,-141035.09
1543,12.500,4.500,9.187,13,shear-n tension-n,1.34927e-02,-8.65618e-03,1.60307e-02,-140324.01
1544,13.500,4.500,8.662,13,shear-n tension-n,1.27164e-02,-6.79486e-03,1.44180e-02,-138329.32
1545,14.500,4.500,8.137,13,shear-n tension-n,1.18470e-02,-5.26983e-03,1.29662e-02,-136592.40
1546,15.500,4.500,7.613,13,shear-n tension-n,1.09617e-02,-4.02534e-03,1.16774e-02,-132789.99
1547,16.500,4.500,7.088,13,shear-n tension-n,1.00793e-02,-2.98378e-03,1.05117e-02,-128447.82
1548,17.500,4.500,6.562,13,shear-n tension-n,9.15955e-03,-2.14799e-03,9.40804e-03,-126752.20
1549,18.500,4.500,6.037,12,tension-p,8.20259e-03,-1.51699e-03,8.34169e-03,-125410.21
1550,19.500,4.500,5.513,4,tension-p,7.25109e-03,-1.05064e-03,7.32681e-03,-125597.40
1551,10.500,0.500,11.213,13,shear-n tension-n,2.40745e-02,-1.95316e-02,3.10011e-02,-124012.79
1552,11.500,0.500,10.637,13,shear-n tension-n,2.34592e-02,-1.58670e-02,2.83213e-02,-125113.95
1553,12.500,0.500,10.063,13,shear-n tension-n,2.14514e-02,-1.22870e-02,2.47211e-02,-123404.62
1554,13.500,0.500,9.487,13,shear-n tension-n,1.84971e-02,-8.95531e-03,2.05509e-02,-123809.56
1555,14.500,0.500,8.913,13,shear-n tension-n,1.52830e-02,-6.23867e-03,1.65073e-02,-122258.64
1556,15.500,0.500,8.338,13,shear-n tension-n,1.25514e-02,-4.26731e-03,1.32569e-02,-120104.52
1557,16.500,0.500,7.762,13,shear-n tension-n,1.05800e-02,-2.89582e-03,1.09691e-02,-120498.29
1558,17.500,0.500,7.188,13,shear-n tension-n,9.22130e-03,-1.94592e-03,9.42438e-03,-116857.82
1559,18.500,0.500,6.613,12,tension-p,8.17608e-03,-1.31224e-03,8.28071e-03,-114124.53
1560,19.500,0.500,6.038,4,tension-p,7.23878e-03,-8.79765e-04,7.29205e-03,-114894.40
1561,10.500,1.500,11.213,13,shear-n tension-n,2.40772e-02,-1.95314e-02,3.10030e-02,-124007.69
1562,11.500,1.500,10.637,13,shear-n tension-n,2.34616e-02,-1.58672e-02,2.83234e-02,-125104.09
1563,12.500,1.500,10.063,13,shear-n tension-n,2.14538e-02,-1.22882e-02,2.47238e-02,-123412.35
1564,13.500,1.500,9.487,13,shear-n tension-n,1.84993e-02,-8.95660e-03,2.05535e-02,-123834.85
1565,14.500,1.500,8.913,13,shear-n tension-n,1.52848e-02,-6.23913e-03,1.65091e-02,-122259.91
1566,15.500,1.500,8.338,13,shear-n tension-n,1.25524e-02,-4.26761e-03,1.32580e-02,-120113.40
1567,16.500,1.500,7.762,13,shear-n tension-n,1.05804e-02,-2.89609e-03,1.09696e-02,-120508.48
1568,17.500,1.500,7.188,13,shear-n tension-n,9.22153e-03,-1.94592e-03,9.42460e-03,-116863.66
1569,18.500,1.500,6.613,12,tension-p,8.17614e-03,-1.31212e-03,8.28075e-03,-114123.85
1570,19.500,1.500,6.038,4,tension-p,7.23875e-03,-8.79647e-04,7.29201e-03,-114893.91
1571,10.500,2.500,11.213,13,shear-n tension-n,2.40786e-02,-1.95310e-02,3.10038e-02,-124016.43
1572,11.500,2.500,10.637,13,shear-n tension-n,2.34634e-02,-1.58681e-02,2.83254e-02,-125108.75
1573,12.500,2.500,10.063,13,shear-n tension-n,2.14566e-02,-1.22895e-02,2.47268e-02,-123415.46
1574,13.500,2.500,9.487,13,shear-n tension-n,1.85025e-02,-8.95705e-03,2.05565e-02,-123822.56
1575,14.500,2.500,8.913,13,shear-n tension-n,1.52871e-02,-6.23888e-03,1.65112e-02,-122259.02
1576,15.500,2.500,8.338,13,shear-n tension-n,1.25536e-02,-4.26782e-03,1.32592e-02,-120103.81
1577,16.500,2.500,7.762,13,shear-n tension-n,1.05808e-02,-2.89663e-03,1.09701e-02,-120499.06
1578,17.500,2.500,7.188,13,shear-n tension-n,9.22162e-03,-1.94598e-03,9.42471e-03,-116862.56
1579,18.500,2.500,6.613,12,tension-p,8.17614e-03,-1.31197e-03,8.28073e-03,-114124.97
1580,19.500,2.500,6.038,4,tension-p,7.23869e-03,-8.79512e-04,7.29192e-03,-114894.84
1581,10.500,3.500,11.213,13,shear-n tension-n,2.40787e-02,-1.95307e-02,3.10037e-02,-124008.93
1582,11.500,3.500,10.637,13,shear-n tension-n,2.34655e-02,-1.58688e-02,2.83275e-02,-125118.07
1583,12.500,3.500,10.063,13,shear-n tension-n,2.14593e-02,-1.22906e-02,2.47298e-02,-123403.41
1584,13.500,3.500,9.487,13,shear-n tension-n,1.85052e-02,-8.95693e-03,2.05589e-02,-123830.85
1585,14.500,3.500,8.913,13,shear-n tension-n,1.52894e-02,-6.23806e-03,1.65130e-02,-122251.07
1586,15.500,3.500,8.338,13,shear-n tension-n,1.25547e-02,-4.26814e-03,1.32604e-02,-120117.04
1587,16.500,3.500,7.762,13,shear-n tension-n,1.05810e-02,-2.89745e-03,1.09706e-02,-120498.66
1588,17.500,3.500,7.188,13,shear-n tension-n,9.22163e-03,-1.94616e-03,9.42475e-03,-116858.86
1589,18.500,3.500,6.613,12,tension-p,8.17605e-03,-1.31193e-03,8.28064e-03,-114128.65
1590,19.500,3.500,6.038,4,tension-p,7.23858e-03,-8.79433e-04,7.29181e-03,-114895.48
1591,10.500,4.500,11.213,13,shear-n tension-n,2.40774e-02,-1.95307e-02,3.10027e-02,-124014.60
1592,11.500,4.500,10.637,13,shear-n tension-n,2.34652e-02,-1.58690e-02,2.83274e-02,-125108.29
1593,12.500,4.500,10.063,13,shear-n tension-n,2.14600e-02,-1.22909e-02,2.47305e-02,-123416.98
1594,13.500,4.500,9.487,13,shear-n tension-n,1.85067e-02,-8.95649e-03,2.05601e-02,-123828.96
1595,14.500,4.500,8.913,13,shear-n tension-n,1.52913e-02,-6.23727e-03,1.65144e-02,-122253.62
1596,15.500,4.500,8.338,13,shear-n tension-n,1.25559e-02,-4.26839e-03,1.32616e-02,-120124.49
1597,16.500,4.500,7.762,13,shear-n tension-n,1.05814e-02,-2.89803e-03,1.09711e-02,-120491.32
1598,17.500,4.500,7.188,13,shear-n tension-n,9.22169e-03,-1.94637e-03,9.42485e-03,-116842.28
1599,18.500,4.500,6.613,12,tension-p,8.17595e-03,-1.31199e-03,8.28055e-03,-114133.17
1600,19.500,4.500,6.038,4,tension-p,7.23848e-03,-8.79408e-04,7.29170e-03,-114895.39
1601,10.500,0.500,12.187,13,shear-n tension-n,5.35682e-02,-3.85802e-02,6.60150e-02,-107803.90
1602,11.500,0.500,11.562,13,shear-n tension-n,5.29678e-02,-3.24852e-02,6.21360e-02,-107658.76
1603,12.500,0.500,10.938,13,shear-n tension-n,4.86134e-02,-2.53994e-02,5.48488e-02,-111028.76
1604,13.500,0.500,10.313,13,shear-n tension-n,4.10027e-02,-1.81297e-02,4.48320e-02,-108218.26
1605,14.500,0.500,9.688,13,shear-n tension-n,3.14684e-02,-1.15286e-02,3.35137e-02,-108336.64
1606,15.500,0.500,9.062,13,shear-n tension-n,2.19667e-02,-6.49619e-03,2.29071e-02,-108108.74
1607,16.500,0.500,8.438,13,shear-n tension-n,1.46880e-02,-3.44023e-03,1.50855e-02,-105136.66
1608,17.500,0.500,7.812,13,shear-n tension-n,1.03994e-02,-1.84379e-03,1.05616e-02,-104009.96
1609,18.500,0.500,7.187,13,shear-n tension-n,8.28604e-03,-1.09903e-03,8.35861e-03,-106377.77
1610,19.500,0.500,6.562,0,elastic,7.17057e-03,-6.91065e-04,7.20380e-03,-103830.37
1611,10.500,1.500,12.187,13,shear-n tension-n,5.35704e-02,-3.85801e-02,6.60168e-02,-107804.10
1612,11.500,1.500,11.562,13,shear-n tension-n,5.29700e-02,-3.24847e-02,6.21376e-02,-107657.40
1613,12.500,1.500,10.938,13,shear-n tension-n,4.86154e-02,-2.53996e-02,5.48506e-02,-111028.24
1614,13.500,1.500,10.313,13,shear-n tension-n,4.10051e-02,-1.81308e-02,4.48346e-02,-108228.84
1615,14.500,1.500,9.688,13,shear-n tension-n,3.14712e-02,-1.15289e-02,3.35165e-02,-108330.69
1616,15.500,1.500,9.062,13,shear-n tension-n,2.19688e-02,-6.49636e-03,2.29092e-02,-108115.15
1617,16.500,1.500,8.438,13,shear-n tension-n,1.46889e-02,-3.44069e-03,1.50865e-02,-105141.40
1618,17.500,1.500,7.812,13,shear-n tension-n,1.03997e-02,-1.84397e-03,1.05619e-02,-104014.42
1619,18.500,1.500,7.187,13,shear-n tension-n,8.28612e-03,-1.09897e-03,8.35868e-03,-106380.19
1620,19.500,1.500,6.562,0,elastic,7.17056e-03,-6.90949e-04,7.20377e-03,-103830.03
1621,10.500,2.500,12.187,13,shear-n tension-n,5.35712e-02,-3.85791e-02,6.60169e-02,-107808.72
1622,11.500,2.500,11.562,13,shear-n tension-n,5.29711e-02,-3.24843e-02,6.21383e-02,-107665.23
1623,12.500,2.500,10.938,13,shear-n tension-n,4.86175e-02,-2.53999e-02,5.48527e-02,-111027.51
1624,13.500,2.500,10.313,13,shear-n tension-n,4.10084e-02,-1.81310e-02,4.48378e-02,-108220.23
1625,14.500,2.500,9.688,13,shear-n tension-n,3.14744e-02,-1.15286e-02,3.35193e-02,-108343.35
1626,15.500,2.500,9.062,13,shear-n tension-n,2.19708e-02,-6.49622e-03,2.29111e-02,-108112.20
1627,16.500,2.500,8.438,13,shear-n tension-n,1.46897e-02,-3.44124e-03,1.50874e-02,-105137.88
1628,17.500,2.500,7.812,13,shear-n tension-n,1.03999e-02,-1.84422e-03,1.05622e-02,-104010.28
1629,18.500,2.500,7.187,13,shear-n tension-n,8.28614e-03,-1.09888e-03,8.35869e-03,-106381.74
1630,19.500,2.500,6.562,0,elastic,7.17048e-03,-6.90831e-04,7.20369e-03,-103830.21
1631,10.500,3.500,12.187,13,shear-n tension-n,5.35706e-02,-3.85777e-02,6.60155e-02,-107807.01
1632,11.500,3.500,11.562,13,shear-n tension-n,5.29714e-02,-3.24833e-02,6.21380e-02,-107680.85
1633,12.500,3.500,10.938,13,shear-n tension-n,4.86183e-02,-2.53999e-02,5.48534e-02,-111034.12
1634,13.500,3.500,10.313,13,shear-n tension-n,4.10098e-02,-1.81308e-02,4.48390e-02,-108223.59
1635,14.500,3.500,9.688,13,shear-n tension-n,3.14762e-02,-1.15274e-02,3.35206e-02,-108325.09
1636,15.500,3.500,9.062,13,shear-n tension-n,2.19721e-02,-6.49592e-03,2.29122e-02,-108118.46
1637,16.500,3.500,8.438,13,shear-n tension-n,1.46901e-02,-3.44206e-03,1.50879e-02,-105131.26
1638,17.500,3.500,7.812,13,shear-n tension-n,1.04000e-02,-1.84455e-03,1.05623e-02,-104013.86
1639,18.500,3.500,7.187,13,shear-n tension-n,8.28610e-03,-1.09888e-03,8.35864e-03,-106377.09
1640,19.500,3.500,6.562,0,elastic,7.17038e-03,-6.90782e-04,7.20358e-03,-103831.27
1641,10.500,4.500,12.187,13,shear-n tension-n,5.35679e-02,-3.85770e-02,6.60129e-02,-107802.22
1642,11.500,4.500,11.562,13,shear-n tension-n,5.29691e-02,-3.24826e-02,6.21357e-02,-107669.15
1643,12.500,4.500,10.938,13,shear-n tension-n,4.86169e-02,-2.53991e-02,5.48517e-02,-111029.16
1644,13.500,4.500,10.313,13,shear-n tension-n,4.10096e-02,-1.81296e-02,4.48382e-02,-108222.74
1645,14.500,4.500,9.688,13,shear-n tension-n,3.14771e-02,-1.15257e-02,3.35208e-02,-108339.41
1646,15.500,4.500,9.062,13,shear-n tension-n,2.19729e-02,-6.49552e-03,2.29128e-02,-108116.61
1647,16.500,4.500,8.438,13,shear-n tension-n,1.46903e-02,-3.44259e-03,1.50883e-02,-105125.55
1648,17.500,4.500,7.812,13,shear-n tension-n,1.04001e-02,-1.84486e-03,1.05624e-02,-104028.55
1649,18.500,4.500,7.187,13,shear-n tension-n,8.28607e-03,-1.09896e-03,8.35863e-03,-106373.32
1650,19.500,4.500,6.562,0,elastic,7.17030e-03,-6.90780e-04,7.20350e-03,-103832.27
1651,10.500,0.500,13.162,13,shear-n tension-n,1.00837e-01,-7.25828e-02,1.24243e-01,-89786.99
1652,11.500,0.500,12.487,13,shear-n tension-n,1.02888e-01,-6.38784e-02,1.21104e-01,-93934.77
1653,12.500,0.500,11.813,13,shear-n tension-n,9.84841e-02,-5.20131e-02,1.11375e-01,-91790.05
1654,13.500,0.500,11.138,13,shear-n tension-n,8.67758e-02,-3.84729e-02,9.49221e-02,-98599.54
1655,14.500,0.500,10.463,13,shear-n tension-n,6.93305e-02,-2.52707e-02,7.37924e-02,-95501.38
1656,15.500,0.500,9.787,13,shear-n tension-n,4.90763e-02,-1.39800e-02,5.10287e-02,-93950.45
1657,16.500,0.500,9.113,13,shear-n tension-n,2.99244e-02,-6.15570e-03,3.05509e-02,-94034.76
1658,17.500,0.500,8.438,13,shear-n tension-n,1.63665e-02,-2.24087e-03,1.65192e-02,-92369.47
1659,18.500,0.500,7.763,13,shear-n tension-n,9.63022e-03,-9.35475e-04,9.67554e-03,-91692.48
1660,19.500,0.500,7.088,13,shear-n tension-n,7.18653e-03,-5.14709e-04,7.20494e-03,-97588.09
1661,10.500,1.500,13.162,13,shear-n tension-n,1.00840e-01,-7.25831e-02,1.24245e-01,-89788.68
1662,11.500,1.500,12.487,13,shear-n tension-n,1.02890e-01,-6.38783e-02,1.21106e-01,-93940.08
1663,12.500,1.500,11.813,13,shear-n tension-n,9.84865e-02,-5.20133e-02,1.11378e-01,-91798.11
1664,13.500,1.500,11.138,13,shear-n tension-n,8.67785e-02,-3.84743e-02,9.49251e-02,-98591.39
1665,14.500,1.500,10.463,13,shear-n tension-n,6.93342e-02,-2.52716e-02,7.37962e-02,-95514.97
1666,15.500,1.500,9.787,13,shear-n tension-n,4.90802e-02,-1.39805e-02,5.10325e-02,-93956.65
1667,16.500,1.500,9.113,13,shear-n tension-n,2.99266e-02,-6.15637e-03,3.05532e-02,-94044.19
1668,17.500,1.500,8.438,13,shear-n tension-n,1.63672e-02,-2.24131e-03,1.65200e-02,-92371.58
1669,18.500,1.500,7.763,13,shear-n tension-n,9.63043e-03,-9.35523e-04,9.67576e-03,-91693.70
1670,19.500,1.500,7.088,13,shear-n tension-n,7.18655e-03,-5.14592e-04,7.20495e-03,-97586.63
1671,10.500,2.500,13.162,13,shear-n tension-n,1.00840e-01,-7.25819e-02,1.24245e-01,-89795.61
1672,11.500,2.500,12.487,13,shear-n tension-n,1.02890e-01,-6.38771e-02,1.21106e-01,-93939.32
1673,12.500,2.500,11.813,13,shear-n tension-n,9.84874e-02,-5.20131e-02,1.11378e-01,-91795.03
1674,13.500,2.500,11.138,13,shear-n tension-n,8.67807e-02,-3.84747e-02,9.49273e-02,-98596.83
1675,14.500,2.500,10.463,13,shear-n tension-n,6.93377e-02,-2.52713e-02,7.37994e-02,-95492.35
1676,15.500,2.500,9.787,13,shear-n tension-n,4.90833e-02,-1.39801e-02,5.10354e-02,-93956.60
1677,16.500,2.500,9.113,13,shear-n tension-n,2.99283e-02,-6.15684e-03,3.05550e-02,-94037.34
1678,17.500,2.500,8.438,13,shear-n tension-n,1.63680e-02,-2.24170e-03,1.65208e-02,-92369.80
1679,18.500,2.500,7.763,13,shear-n tension-n,9.63064e-03,-9.35527e-04,9.67597e-03,-91695.87
1680,19.500,2.500,7.088,13,shear-n tension-n,7.18651e-03,-5.14491e-04,7.20490e-03,-97586.00
1681,10.500,3.500,13.162,13,shear-n tension-n,1.00838e-01,-7.25793e-02,1.24242e-01,-89802.92
1682,11.500,3.500,12.487,13,shear-n tension-n,1.02888e-01,-6.38746e-02,1.21103e-01,-93940.88
1683,12.500,3.500,11.813,13,shear-n tension-n,9.84857e-02,-5.20120e-02,1.11376e-01,-91794.52
1684,13.500,3.500,11.138,13,shear-n tension-n,8.67799e-02,-3.84741e-02,9.49264e-02,-98593.41
1685,14.500,3.500,10.463,13,shear-n tension-n,6.93379e-02,-2.52698e-02,7.37991e-02,-95515.26
1686,15.500,3.500,9.787,13,shear-n tension-n,4.90841e-02,-1.39790e-02,5.10359e-02,-93949.21
1687,16.500,3.500,9.113,13,shear-n tension-n,2.99292e-02,-6.15751e-03,3.05560e-02,-94040.51
1688,17.500,3.500,8.438,13,shear-n tension-n,1.63684e-02,-2.24227e-03,1.65212e-02,-92370.49
1689,18.500,3.500,7.763,13,shear-n tension-n,9.63066e-03,-9.35566e-04,9.67600e-03,-91695.00
1690,19.500,3.500,7.088,13,shear-n tension-n,7.18640e-03,-5.14474e-04,7.20479e-03,-97587.16
1691,10.500,4.500,13.162,13,shear-n tension-n,1.00833e-01,-7.25770e-02,1.24237e-01,-89792.27
1692,11.500,4.500,12.487,13,shear-n tension-n,1.02884e-01,-6.38720e-02,1.21098e-01,-93937.45
1693,12.500,4.500,11.813,13,shear-n tension-n,9.84815e-02,-5.20099e-02,1.11372e-01,-91796.22
1694,13.500,4.500,11.138,13,shear-n tension-n,8.67771e-02,-3.84722e-02,9.49231e-02,-98590.36
1695,14.500,4.500,10.463,13,shear-n tension-n,6.93368e-02,-2.52673e-02,7.37972e-02,-95507.57
1696,15.500,4.500,9.787,13,shear-n tension-n,4.90837e-02,-1.39776e-02,5.10351e-02,-93954.54
1697,16.500,4.500,9.113,13,shear-n tension-n,2.99286e-02,-6.15758e-03,3.05555e-02,-94036.76
1698,17.500,4.500,8.438,13,shear-n tension-n,1.63681e-02,-2.24263e-03,1.65210e-02,-92364.23
1699,18.500,4.500,7.763,13,shear-n tension-n,9.63060e-03,-9.35580e-04,9.67594e-03,-91692.78
1700,19.500,4.500,7.088,13,shear-n tension-n,7.18630e-03,-5.14487e-04,7.20470e-03,-97585.05
1701,10.500,0.500,14.137,13,shear-n tension-n,1.49327e-01,-1.14172e-01,1.87973e-01,-75210.51
1702,11.500,0.500,13.412,13,shear-n tension-n,1.57364e-01,-1.04015e-01,1.88634e-01,-76726.92
1703,12.500,0.500,12.688,13,shear-n tension-n,1.58141e-01,-8.87880e-02,1.81361e-01,-81062.97
1704,13.500,0.500,11.963,13,shear-n tension-n,1.48860e-01,-6.96812e-02,1.64361e-01,-76688.43
1705,14.500,0.500,11.238,13,shear-n tension-n,1.28017e-01,-4.88922e-02,1.37036e-01,-83967.71
1706,15.500,0.500,10.512,13,shear-n tension-n,9.80552e-02,-2.91215e-02,1.02288e-01,-84430.87
1707,16.500,0.500,9.788,13,shear-n tension-n,6.42230e-02,-1.32537e-02,6.55763e-02,-80498.99
1708,17.500,0.500,9.062,13,shear-n tension-n,3.40460e-02,-3.95420e-03,3.42749e-02,-80190.12
1709,18.500,0.500,8.338,13,shear-n tension-n,1.52298e-02,-8.61451e-04,1.52542e-02,-81102.58
1710,19.500,0.500,7.612,13,shear-n tension-n,7.91449e-03,-3.28746e-04,7.92131e-03,-83338.49
1711,10.500,1.500,14.137,13,shear-n tension-n,1.49330e-01,-1.14173e-01,1.87976e-01,-75217.43
1712,11.500,1.500,13.412,13,shear-n tension-n,1.57368e-01,-1.04016e-01,1.88637e-01,-76724.22
1713,12.500,1.500,12.688,13,shear-n tension-n,1.58145e-01,-8.87894e-02,1.81365e-01,-81061.74
1714,13.500,1.500,11.963,13,shear-n tension-n,1.48864e-01,-6.96835e-02,1.64366e-01,-76687.97
1715,14.500,1.500,11.238,13,shear-n tension-n,1.28022e-01,-4.88945e-02,1.37041e-01,-83965.56
1716,15.500,1.500,10.512,13,shear-n tension-n,9.80604e-02,-2.91228e-02,1.02294e-01,-84425.08
1717,16.500,1.500,9.788,13,shear-n tension-n,6.42272e-02,-1.32548e-02,6.55807e-02,-80510.92
1718,17.500,1.500,9.062,13,shear-n tension-n,3.40481e-02,-3.95496e-03,3.42770e-02,-80191.82
1719,18.500,1.500,8.338,13,shear-n tension-n,1.52306e-02,-8.61590e-04,1.52549e-02,-81098.78
1720,19.500,1.500,7.612,13,shear-n tension-n,7.91470e-03,-3.28624e-04,7.92152e-03,-83336.59
1721,10.500,2.500,14.137,13,shear-n tension-n,1.49331e-01,-1.14173e-01,1.87976e-01,-75220.88
1722,11.500,2.500,13.412,13,shear-n tension-n,1.57369e-01,-1.04016e-01,1.88638e-01,-76727.87
1723,12.500,2.500,12.688,13,shear-n tension-n,1.58146e-01,-8.87897e-02,1.81367e-01,-81058.93
1724,13.500,2.500,11.963,13,shear-n tension-n,1.48865e-01,-6.96844e-02,1.64368e-01,-76689.20
1725,14.500,2.500,11.238,13,shear-n tension-n,1.28024e-01,-4.88947e-02,1.37044e-01,-83968.88
1726,15.500,2.500,10.512,13,shear-n tension-n,9.80642e-02,-2.91224e-02,1.02297e-01,-84441.93
1727,16.500,2.500,9.788,13,shear-n tension-n,6.42303e-02,-1.32551e-02,6.55837e-02,-80495.52
1728,17.500,2.500,9.062,13,shear-n tension-n,3.40498e-02,-3.95542e-03,3.42788e-02,-80196.30
1729,18.500,2.500,8.338,13,shear-n tension-n,1.52313e-02,-8.61629e-04,1.52556e-02,-81105.26
1730,19.500,2.500,7.612,13,shear-n tension-n,7.91479e-03,-3.28518e-04,7.92160e-03,-83332.99
1731,10.500,3.500,14.137,13,shear-n tension-n,1.49329e-01,-1.14171e-01,1.87973e-01,-75225.48
1732,11.500,3.500,13.412,13,shear-n tension-n,1.57367e-01,-1.04014e-01,1.88636e-01,-76729.27
1733,12.500,3.500,12.688,13,shear-n tension-n,1.58145e-01,-8.87887e-02,1.81365e-01,-81061.38
1734,13.500,3.500,11.963,13,shear-n tension-n,1.48863e-01,-6.96835e-02,1.64366e-01,-76689.47
1735,14.500,3.500,11.238,13,shear-n tension-n,1.28023e-01,-4.88928e-02,1.37042e-01,-83960.54
1736,15.500,3.500,10.512,13,shear-n tension-n,9.80642e-02,-2.91208e-02,1.02297e-01,-84425.45
1737,16.500,3.500,9.788,13,shear-n tension-n,6.42311e-02,-1.32553e-02,6.55846e-02,-80502.66
1738,17.500,3.500,9.062,13,shear-n tension-n,3.40504e-02,-3.95598e-03,3.42794e-02,-80189.29
1739,18.500,3.500,8.338,13,shear-n tension-n,1.52313e-02,-8.61768e-04,1.52556e-02,-81107.59
1740,19.500,3.500,7.612,13,shear-n tension-n,7.91461e-03,-3.28553e-04,7.92143e-03,-83335.87
1741,10.500,4.500,14.137,13,shear-n tension-n,1.49324e-01,-1.14168e-01,1.87968e-01,-75218.63
1742,11.500,4.500,13.412,13,shear-n tension-n,1.57363e-01,-1.04011e-01,1.88630e-01,-76733.41
1743,12.500,4.500,12.688,13,shear-n tension-n,1.58140e-01,-8.87864e-02,1.81359e-01,-81061.54
1744,13.500,4.500,11.963,13,shear-n tension-n,1.48859e-01,-6.96814e-02,1.64361e-01,-76689.19
1745,14.500,4.500,11.238,13,shear-n tension-n,1.28020e-01,-4.88902e-02,1.37038e-01,-83964.11
1746,15.500,4.500,10.512,13,shear-n tension-n,9.80623e-02,-2.91186e-02,1.02294e-01,-84432.51
1747,16.500,4.500,9.788,13,shear-n tension-n,6.42295e-02,-1.32546e-02,6.55828e-02,-80500.12
1748,17.500,4.500,9.062,13,shear-n tension-n,3.40491e-02,-3.95574e-03,3.42781e-02,-80189.28
1749,18.500,4.500,8.338,13,shear-n tension-n,1.52305e-02,-8.61499e-04,1.52549e-02,-81106.32
1750,19.500,4.500,7.612,13,shear-n tension-n,7.91439e-03,-3.28650e-04,7.92121e-03,-83340.76
1751,10.500,0.500,15.113,13,shear-n tension-n,1.79998e-01,-1.49234e-01,2.33816e-01,-59458.62
1752,11.500,0.500,14.338,13,shear-n tension-n,1.92694e-01,-1.37313e-01,2.36614e-01,-64937.37
1753,12.500,0.500,13.562,13,shear-n tension-n,2.00528e-01,-1.20763e-01,2.34084e-01,-66375.49
1754,13.500,0.500,12.787,13,shear-n tension-n,2.00874e-01,-1.00368e-01,2.24553e-01,-70277.33
1755,14.500,0.500,12.012,13,shear-n tension-n,1.88786e-01,-7.63302e-02,2.03634e-01,-65470.78
1756,15.500,0.500,11.238,13,shear-n tension-n,1.60180e-01,-5.03085e-02,1.67895e-01,-68477.06
1757,16.500,0.500,10.463,13,shear-n tension-n,1.17441e-01,-2.56503e-02,1.20209e-01,-71420.67
1758,17.500,0.500,9.687,13,shear-n tension-n,6.94920e-02,-7.94913e-03,6.99451e-02,-69136.48
1759,18.500,0.500,8.912,13,shear-n tension-n,3.06625e-02,-9.19444e-04,3.06762e-02,-68890.78
1760,19.500,0.500,8.137,5,shear-n tension-n,1.11082e-02,5.55260e-05,1.11083e-02,-72268.33
1761,10.500,1.500,15.113,13,shear-n tension-n,1.80001e-01,-1.49235e-01,2.33819e-01,-59466.28
1762,11.500,1.500,14.338,13,shear-n tension-n,1.92697e-01,-1.37315e-01,2.36617e-01,-64939.64
1763,12.500,1.500,13.562,13,shear-n tension-n,2.00532e-01,-1.20764e-01,2.34088e-01,-66375.96
1764,13.500,1.500,12.787,13,shear-n tension-n,2.00878e-01,-1.00370e-01,2.24558e-01,-70266.21
1765,14.500,1.500,12.012,13,shear-n tension-n,1.88791e-01,-7.63330e-02,2.03639e-01,-65472.65
1766,15.500,1.500,11.238,13,shear-n tension-n,1.60186e-01,-5.03104e-02,1.67901e-01,-68477.26
1767,16.500,1.500,10.463,13,shear-n tension-n,1.17447e-01,-2.56517e-02,1.20215e-01,-71416.63
1768,17.500,1.500,9.687,13,shear-n tension-n,6.94962e-02,-7.95027e-03,6.99495e-02,-69137.76
1769,18.500,1.500,8.912,13,shear-n tension-n,3.06645e-02,-9.19730e-04,3.06783e-02,-68897.13
1770,19.500,1.500,8.137,5,shear-n tension-n,1.11087e-02,5.57160e-05,1.11088e-02,-72269.90
1771,10.500,2.500,15.113,13,shear-n tension-n,1.80001e-01,-1.49235e-01,2.33820e-01,-59470.29
1772,11.500,2.500,14.338,13,shear-n tension-n,1.92698e-01,-1.37315e-01,2.36618e-01,-64937.21
1773,12.500,2.500,13.562,13,shear-n tension-n,2.00533e-01,-1.20764e-01,2.34089e-01,-66379.57
1774,13.500,2.500,12.787,13,shear-n tension-n,2.00879e-01,-1.00371e-01,2.24559e-01,-70270.41
1775,14.500,2.500,12.012,13,shear-n tension-n,1.88792e-01,-7.63336e-02,2.03640e-01,-65470.75
1776,15.500,2.500,11.238,13,shear-n tension-n,1.60189e-01,-5.03102e-02,1.67903e-01,-68476.39
1777,16.500,2.500,10.463,13,shear-n tension-n,1.17450e-01,-2.56519e-02,1.20219e-01,-71427.94
1778,17.500,2.500,9.687,13,shear-n tension-n,6.94989e-02,-7.95058e-03,6.99522e-02,-69138.74
1779,18.500,2.500,8.912,13,shear-n tension-n,3.06658e-02,-9.19512e-04,3.06795e-02,-68895.23
1780,19.500,2.500,8.137,5,shear-n tension-n,1.11090e-02,5.59559e-05,1.11091e-02,-72265.32
1781,10.500,3.500,15.113,13,shear-n tension-n,1.80000e-01,-1.49234e-01,2.33818e-01,-59476.60
1782,11.500,3.500,14.338,13,shear-n tension-n,1.92697e-01,-1.37314e-01,2.36616e-01,-64938.01
1783,12.500,3.500,13.562,13,shear-n tension-n,2.00532e-01,-1.20763e-01,2.34087e-01,-66379.94
1784,13.500,3.500,12.787,13,shear-n tension-n,2.00877e-01,-1.00370e-01,2.24557e-01,-70272.68
1785,14.500,3.500,12.012,13,shear-n tension-n,1.88790e-01,-7.63316e-02,2.03638e-01,-65475.93
1786,15.500,3.500,11.238,13,shear-n tension-n,1.60188e-01,-5.03080e-02,1.67902e-01,-68476.67
1787,16.500,3.500,10.463,13,shear-n tension-n,1.17450e-01,-2.56511e-02,1.20218e-01,-71419.89
1788,17.500,3.500,9.687,13,shear-n tension-n,6.94985e-02,-7.95027e-03,6.99518e-02,-69138.66
1789,18.500,3.500,8.912,13,shear-n tension-n,3.06652e-02,-9.19372e-04,3.06790e-02,-68889.22
1790,19.500,3.500,8.137,5,shear-n tension-n,1.11087e-02,5.58424e-05,1.11088e-02,-72269.14
1791,10.500,4.500,15.113,13,shear-n tension-n,1.79997e-01,-1.49232e-01,2.33814e-01,-59475.40
1792,11.500,4.500,14.338,13,shear-n tension-n,1.92694e-01,-1.37311e-01,2.36612e-01,-64935.76
1793,12.500,4.500,13.562,13,shear-n tension-n,2.00528e-01,-1.20761e-01,2.34082e-01,-66375.64
1794,13.500,4.500,12.787,13,shear-n tension-n,2.00872e-01,-1.00368e-01,2.24551e-01,-70269.97
1795,14.500,4.500,12.012,13,shear-n tension-n,1.88786e-01,-7.63289e-02,2.03632e-01,-65472.16
1796,15.500,4.500,11.238,13,shear-n tension-n,1.60184e-01,-5.03051e-02,1.67897e-01,-68477.81
1797,16.500,4.500,10.463,13,shear-n tension-n,1.17446e-01,-2.56491e-02,1.20214e-01,-71418.05
1798,17.500,4.500,9.687,13,shear-n tension-n,6.94953e-02,-7.94884e-03,6.99484e-02,-69144.02
1799,18.500,4.500,8.912,13,shear-n tension-n,3.06632e-02,-9.18900e-04,3.06769e-02,-68891.97
1800,19.500,4.500,8.137,5,shear-n tension-n,1.11081e-02,5.54886e-05,1.11082e-02,-72269.69
1801,10.500,0.500,16.088,13,shear-n tension-n,1.83841e-01,-1.66010e-01,2.47703e-01,-48494.39
1802,11.500,0.500,15.262,13,shear-n tension-n,1.97743e-01,-1.51867e-01,2.49331e-01,-50669.35
1803,12.500,0.500,14.438,13,shear-n tension-n,2.10284e-01,-1.35438e-01,2.50126e-01,-56032.75
1804,13.500,0.500,13.612,5,shear-n tension-n,2.20235e-01,-1.16965e-01,2.49368e-01,-56751.31
1805,14.500,0.500,12.787,5,shear-n tension-n,2.23707e-01,-9.56095e-02,2.43282e-01,-58227.74
1806,15.500,0.500,11.963,5,shear-n tension-n,2.12176e-01,-7.00720e-02,2.23448e-01,-54031.20
1807,16.500,0.500,11.137,5,shear-n tension-n,1.77165e-01,-4.09523e-02,1.81836e-01,-56320.68
1808,17.500,0.500,10.313,5,shear-n tension-n,1.21240e-01,-1.47312e-02,1.22131e-01,-56583.95
1809,18.500,0.500,9.487,13,shear-n tension-n,6.13079e-02,-1.08942e-03,6.13176e-02,-60153.56
1810,19.500,0.500,8.663,5,shear-n tension-n,2.05022e-02,1.23773e-03,2.05395e-02,-57646.24
1811,10.500,1.500,16.088,13,shear-n tension-n,1.83842e-01,-1.66011e-01,2.47704e-01,-48493.04
1812,11.500,1.500,15.262,13,shear-n tension-n,1.97744e-01,-1.51868e-01,2.49332e-01,-50674.01
1813,12.500,1.500,14.438,13,shear-n tension-n,2.10287e-01,-1.35438e-01,2.50128e-01,-56030.01
1814,13.500,1.500,13.612,5,shear-n tension-n,2.20238e-01,-1.16966e-01,2.49371e-01,-56748.23
1815,14.500,1.500,12.787,5,shear-n tension-n,2.23710e-01,-9.56113e-02,2.43286e-01,-58224.04
1816,15.500,1.500,11.963,5,shear-n tension-n,2.12180e-01,-7.00737e-02,2.23452e-01,-54035.96
1817,16.500,1.500,11.137,5,shear-n tension-n,1.77170e-01,-4.09536e-02,1.81842e-01,-56321.11
1818,17.500,1.500,10.313,5,shear-n tension-n,1.21245e-01,-1.47325e-02,1.22137e-01,-56586.20
1819,18.500,1.500,9.487,13,shear-n tension-n,6.13118e-02,-1.08987e-03,6.13214e-02,-60157.44
1820,19.500,1.500,8.663,5,shear-n tension-n,2.05035e-02,1.23812e-03,2.05409e-02,-57638.67
1821,10.500,2.500,16.088,13,shear-n tension-n,1.83842e-01,-1.66011e-01,2.47704e-01,-48494.33
1822,11.500,2.500,15.262,13,shear-n tension-n,1.97745e-01,-1.51868e-01,2.49333e-01,-50669.01
1823,12.500,2.500,14.438,13,shear-n tension-n,2.10287e-01,-1.35439e-01,2.50129e-01,-56029.05
1824,13.500,2.500,13.612,5,shear-n tension-n,2.20239e-01,-1.16966e-01,2.49372e-01,-56750.29
1825,14.500,2.500,12.787,5,shear-n tension-n,2.23711e-01,-9.56114e-02,2.43286e-01,-58223.29
1826,15.500,2.500,11.963,5,shear-n tension-n,2.12181e-01,-7.00734e-02,2.23453e-01,-54036.80
1827,16.500,2.500,11.137,5,shear-n tension-n,1.77172e-01,-4.09530e-02,1.81844e-01,-56319.58
1828,17.500,2.500,10.313,5,shear-n tension-n,1.21247e-01,-1.47315e-02,1.22139e-01,-56588.55
1829,18.500,2.500,9.487,13,shear-n tension-n,6.13130e-02,-1.08905e-03,6.13227e-02,-60156.45
1830,19.500,2.500,8.663,5,shear-n tension-n,2.05041e-02,1.23850e-03,2.05415e-02,-57641.75
1831,10.500,3.500,16.088,13,shear-n tension-n,1.83842e-01,-1.66010e-01,2.47704e-01,-48502.32
1832,11.500,3.500,15.262,13,shear-n tension-n,1.97744e-01,-1.51868e-01,2.49332e-01,-50671.84
1833,12.500,3.500,14.438,13,shear-n tension-n,2.10287e-01,-1.35438e-01,2.50128e-01,-56034.45
1834,13.500,3.500,13.612,5,shear-n tension-n,2.20238e-01,-1.16966e-01,2.49370e-01,-56751.82
1835,14.500,3.500,12.787,5,shear-n tension-n,2.23709e-01,-9.56098e-02,2.43284e-01,-58225.74
1836,15.500,3.500,11.963,5,shear-n tension-n,2.12180e-01,-7.00711e-02,2.23451e-01,-54031.41
1837,16.500,3.500,11.137,5,shear-n tension-n,1.77171e-01,-4.09513e-02,1.81842e-01,-56319.60
1838,17.500,3.500,10.313,5,shear-n tension-n,1.21246e-01,-1.47300e-02,1.22137e-01,-56579.33
1839,18.500,3.500,9.487,13,shear-n tension-n,6.13117e-02,-1.08857e-03,6.13214e-02,-60158.84
1840,19.500,3.500,8.663,5,shear-n tension-n,2.05037e-02,1.23825e-03,2.05410e-02,-57637.95
1841,10.500,4.500,16.088,13,shear-n tension-n,1.83841e-01,-1.66009e-01,2.47703e-01,-48500.83
1842,11.500,4.500,15.262,13,shear-n tension-n,1.97744e-01,-1.51867e-01,2.49331e-01,-50672.31
1843,12.500,4.500,14.438,13,shear-n tension-n,2.10286e-01,-1.35437e-01,2.50126e-01,-56032.01
1844,13.500,4.500,13.612,5,shear-n tension-n,2.20235e-01,-1.16964e-01,2.49368e-01,-56750.13
1845,14.500,4.500,12.787,5,shear-n tension-n,2.23705e-01,-9.56076e-02,2.43279e-01,-58225.60
1846,15.500,4.500,11.963,5,shear-n tension-n,2.12175e-01,-7.00683e-02,2.23445e-01,-54035.91
1847,16.500,4.500,11.137,5,shear-n tension-n,1.77166e-01,-4.09488e-02,1.81837e-01,-56331.01
1848,17.500,4.500,10.313,5,shear-n tension-n,1.21241e-01,-1.47282e-02,1.22133e-01,-56581.81
1849,18.500,4.500,9.487,13,shear-n tension-n,6.13086e-02,-1.08851e-03,6.13182e-02,-60159.22
1850,19.500,4.500,8.663,5,shear-n tension-n,2.05024e-02,1.23748e-03,2.05397e-02,-57646.50
1851,10.500,0.500,17.062,13,shear-n tension-n,1.71487e-01,-1.69153e-01,2.40874e-01,-32863.27
1852,11.500,0.500,16.188,13,shear-n tension-n,1.85817e-01,-1.54183e-01,2.41455e-01,-39447.40
1853,12.500,0.500,15.312,5,shear-n tension-n,2.00464e-01,-1.38429e-01,2.43616e-01,-40886.73
1854,13.500,0.500,14.438,5,shear-n tension-n,2.15100e-01,-1.21562e-01,2.47074e-01,-42643.42
1855,14.500,0.500,13.562,5,shear-n tension-n,2.28235e-01,-1.03230e-01,2.50495e-01,-43632.00
1856,15.500,0.500,12.688,5,shear-n tension-n,2.35076e-01,-8.17373e-02,2.48881e-01,-43984.39
1857,16.500,0.500,11.812,5,shear-n tension-n,2.22778e-01,-5.41677e-02,2.29268e-01,-41970.44
1858,17.500,0.500,10.938,5,shear-n tension-n,1.77877e-01,-2.30720e-02,1.79368e-01,-45959.61
1859,18.500,0.500,10.063,5,shear-n tension-n,1.07003e-01,-1.45426e-03,1.07013e-01,-44836.89
1860,19.500,0.500,9.188,5,shear-n tension-n,4.09851e-02,4.22641e-03,4.12025e-02,-49432.19
1861,10.500,1.500,17.062,13,shear-n tension-n,1.71487e-01,-1.69153e-01,2.40874e-01,-32860.22
1862,11.500,1.500,16.188,13,shear-n tension-n,1.85817e-01,-1.54183e-01,2.41455e-01,-39447.31
1863,12.500,1.500,15.312,5,shear-n tension-n,2.00465e-01,-1.38429e-01,2.43616e-01,-40887.19
1864,13.500,1.500,14.438,5,shear-n tension-n,2.15101e-01,-1.21562e-01,2.47075e-01,-42651.68
1865,14.500,1.500,13.562,5,shear-n tension-n,2.28237e-01,-1.03230e-01,2.50496e-01,-43632.37
1866,15.500,1.500,12.688,5,shear-n tension-n,2.35078e-01,-8.17381e-02,2.48883e-01,-43969.21
1867,16.500,1.500,11.812,5,shear-n tension-n,2.22781e-01,-5.41682e-02,2.29272e-01,-41966.80
1868,17.500,1.500,10.938,5,shear-n tension-n,1.77882e-01,-2.30725e-02,1.79372e-01,-45960.00
1869,18.500,1.500,10.063,5,shear-n tension-n,1.07008e-01,-1.45502e-03,1.07018e-01,-44846.98
1870,19.500,1.500,9.188,5,shear-n tension-n,4.09884e-02,4.22670e-03,4.12058e-02,-49437.22
1871,10.500,2.500,17.062,13,shear-n tension-n,1.71487e-01,-1.69153e-01,2.40874e-01,-32859.05
1872,11.500,2.500,16.188,13,shear-n tension-n,1.85818e-01,-1.54183e-01,2.41455e-01,-39448.46
1873,12.500,2.500,15.312,5,shear-n tension-n,2.00465e-01,-1.38429e-01,2.43616e-01,-40885.25
1874,13.500,2.500,14.438,5,shear-n tension-n,2.15102e-01,-1.21562e-01,2.47075e-01,-42642.38
1875,14.500,2.500,13.562,5,shear-n tension-n,2.28237e-01,-1.03230e-01,2.50496e-01,-43632.87
1876,15.500,2.500,12.688,5,shear-n tension-n,2.35078e-01,-8.17376e-02,2.48883e-01,-43976.09
1877,16.500,2.500,11.812,5,shear-n tension-n,2.22781e-01,-5.41662e-02,2.29271e-01,-41972.83
1878,17.500,2.500,10.938,5,shear-n tension-n,1.77882e-01,-2.30694e-02,1.79372e-01,-45959.69
1879,18.500,2.500,10.063,5,shear-n tension-n,1.07008e-01,-1.45360e-03,1.07018e-01,-44849.47
1880,19.500,2.500,9.188,5,shear-n tension-n,4.09894e-02,4.22707e-03,4.12068e-02,-49434.10
1881,10.500,3.500,17.062,13,shear-n tension-n,1.71487e-01,-1.69153e-01,2.40874e-01,-32858.62
1882,11.500,3.500,16.188,13,shear-n tension-n,1.85818e-01,-1.54183e-01,2.41455e-01,-39443.59
1883,12.500,3.500,15.312,5,shear-n tension-n,2.00466e-01,-1.38428e-01,2.43616e-01,-40890.48
1884,13.500,3.500,14.438,5,shear-n tension-n,2.15102e-01,-1.21562e-01,2.47075e-01,-42651.89
1885,14.500,3.500,13.562,5,shear-n tension-n,2.28236e-01,-1.03229e-01,2.50495e-01,-43634.56
1886,15.500,3.500,12.688,5,shear-n tension-n,2.35077e-01,-8.17362e-02,2.48882e-01,-43979.53
1887,16.500,3.500,11.812,5,shear-n tension-n,2.22780e-01,-5.41644e-02,2.29270e-01,-41972.75
1888,17.500,3.500,10.938,5,shear-n tension-n,1.77880e-01,-2.30669e-02,1.79369e-01,-45955.14
1889,18.500,3.500,10.063,5,shear-n tension-n,1.07006e-01,-1.45283e-03,1.07016e-01,-44842.23
1890,19.500,3.500,9.188,5,shear-n tension-n,4.09885e-02,4.22671e-03,4.12058e-02,-49435.93
1891,10.500,4.500,17.062,13,shear-n tension-n,1.71487e-01,-1.69153e-01,2.40874e-01,-32860.17
1892,11.500,4.500,16.188,13,shear-n tension-n,1.85818e-01,-1.54183e-01,2.41455e-01,-39455.94
1893,12.500,4.500,15.312,5,shear-n tension-n,2.00465e-01,-1.38428e-01,2.43616e-01,-40891.76
1894,13.500,4.500,14.438,5,shear-n tension-n,2.15101e-01,-1.21562e-01,2.47075e-01,-42653.17
1895,14.500,4.500,13.562,5,shear-n tension-n,2.28235e-01,-1.03228e-01,2.50494e-01,-43627.28
1896,15.500,4.500,12.688,5,shear-n tension-n,2.35075e-01,-8.17347e-02,2.48879e-01,-43979.18
1897,16.500,4.500,11.812,5,shear-n tension-n,2.22777e-01,-5.41634e-02,2.29266e-01,-41975.28
1898,17.500,4.500,10.938,5,shear-n tension-n,1.77876e-01,-2.30660e-02,1.79366e-01,-45961.04
1899,18.500,4.500,10.063,5,shear-n tension-n,1.07002e-01,-1.45255e-03,1.07012e-01,-44834.20
1900,19.500,4.500,9.188,5,shear-n tension-n,4.09856e-02,4.22595e-03,4.12028e-02,-49437.64
1901,10.500,0.500,18.037,5,shear-n tension-n,1.56331e-01,-1.69195e-01,2.30362e-01,-23178.82
1902,11.500,0.500,17.113,4,tension-p,1.71016e-01,-1.54200e-01,2.30270e-01,-29781.72
1903,12.500,0.500,16.188,5,shear-n tension-n,1.86252e-01,-1.38621e-01,2.32176e-01,-29462.58
1904,13.500,0.500,15.262,5,shear-n tension-n,2.02095e-01,-1.22184e-01,2.36160e-01,-30805.38
1905,14.500,0.500,14.338,5,shear-n tension-n,2.18299e-01,-1.04875e-01,2.42184e-01,-33810.26
1906,15.500,0.500,13.412,5,shear-n tension-n,2.33603e-01,-8.59005e-02,2.48896e-01,-31279.43
1907,16.500,0.500,12.488,5,shear-n tension-n,2.41491e-01,-6.20443e-02,2.49333e-01,-32280.92
1908,17.500,0.500,11.563,5,shear-n tension-n,2.22342e-01,-3.04962e-02,2.24424e-01,-30289.03
1909,18.500,0.500,10.638,5,shear-n tension-n,1.60099e-01,-2.23988e-03,1.60114e-01,-32493.42
1910,19.500,0.500,9.713,5,shear-n tension-n,7.47828e-02,1.01923e-02,7.54742e-02,-38483.39
1911,10.500,1.500,18.037,5,shear-n tension-n,1.56331e-01,-1.69195e-01,2.30362e-01,-23179.30
1912,11.500,1.500,17.113,4,tension-p,1.71016e-01,-1.54200e-01,2.30270e-01,-29773.00
1913,12.500,1.500,16.188,5,shear-n tension-n,1.86252e-01,-1.38621e-01,2.32176e-01,-29424.42
1914,13.500,1.500,15.262,5,shear-n tension-n,2.02096e-01,-1.22184e-01,2.36160e-01,-30820.66
1915,14.500,1.500,14.338,5,shear-n tension-n,2.18299e-01,-1.04875e-01,2.42185e-01,-33812.73
1916,15.500,1.500,13.412,5,shear-n tension-n,2.33603e-01,-8.59006e-02,2.48896e-01,-31271.30
1917,16.500,1.500,12.488,5,shear-n tension-n,2.41492e-01,-6.20442e-02,2.49335e-01,-32270.69
1918,17.500,1.500,11.563,5,shear-n tension-n,2.22345e-01,-3.04964e-02,2.24427e-01,-30296.55
1919,18.500,1.500,10.638,5,shear-n tension-n,1.60103e-01,-2.24118e-03,1.60119e-01,-32503.85
1920,19.500,1.500,9.713,5,shear-n tension-n,7.47874e-02,1.01929e-02,7.54788e-02,-38476.80
1921,10.500,2.500,18.037,5,shear-n tension-n,1.56331e-01,-1.69195e-01,2.30362e-01,-23178.96
1922,11.500,2.500,17.113,4,tension-p,1.71016e-01,-1.54200e-01,2.30270e-01,-29769.50
1923,12.500,2.500,16.188,5,shear-n tension-n,1.86253e-01,-1.38621e-01,2.32176e-01,-29427.47
1924,13.500,2.500,15.262,5,shear-n tension-n,2.02096e-01,-1.22183e-01,2.36160e-01,-30831.84
1925,14.500,2.500,14.338,5,shear-n tension-n,2.18300e-01,-1.04874e-01,2.42185e-01,-33818.27
1926,15.500,2.500,13.412,5,shear-n tension-n,2.33603e-01,-8.59000e-02,2.48896e-01,-31264.97
1927,16.500,2.500,12.488,5,shear-n tension-n,2.41492e-01,-6.20419e-02,2.49334e-01,-32281.96
1928,17.500,2.500,11.563,5,shear-n tension-n,2.22345e-01,-3.04925e-02,2.24426e-01,-30302.19
1929,18.500,2.500,10.638,5,shear-n tension-n,1.60103e-01,-2.23983e-03,1.60119e-01,-32503.21
1930,19.500,2.500,9.713,5,shear-n tension-n,7.47884e-02,1.01930e-02,7.54798e-02,-38482.19
1931,10.500,3.500,18.037,5,shear-n tension-n,1.56331e-01,-1.69195e-01,2.30361e-01,-23176.89
1932,11.500,3.500,17.113,4,tension-p,1.71016e-01,-1.54200e-01,2.30269e-01,-29767.99
1933,12.500,3.500,16.188,5,shear-n tension-n,1.86253e-01,-1.38621e-01,2.32176e-01,-29470.69
1934,13.500,3.500,15.262,5,shear-n tension-n,2.02096e-01,-1.22183e-01,2.36160e-01,-30801.75
1935,14.500,3.500,14.338,5,shear-n tension-n,2.18300e-01,-1.04874e-01,2.42185e-01,-33811.68
1936,15.500,3.500,13.412,5,shear-n tension-n,2.33603e-01,-8.58994e-02,2.48896e-01,-31268.22
1937,16.500,3.500,12.488,5,shear-n tension-n,2.41491e-01,-6.20405e-02,2.49333e-01,-32288.47
1938,17.500,3.500,11.563,5,shear-n tension-n,2.22343e-01,-3.04893e-02,2.24424e-01,-30295.30
1939,18.500,3.500,10.638,5,shear-n tension-n,1.60100e-01,-2.23809e-03,1.60116e-01,-32495.13
1940,19.500,3.500,9.713,5,shear-n tension-n,7.47862e-02,1.01927e-02,7.54776e-02,-38487.40
1941,10.500,4.500,18.037,5,shear-n tension-n,1.56331e-01,-1.69195e-01,2.30361e-01,-23181.61
1942,11.500,4.500,17.113,4,tension-p,1.71016e-01,-1.54199e-01,2.30269e-01,-29780.42
1943,12.500,4.500,16.188,5,shear-n tension-n,1.86253e-01,-1.38620e-01,2.32176e-01,-29463.95
1944,13.500,4.500,15.262,5,shear-n tension-n,2.02097e-01,-1.22183e-01,2.36160e-01,-30783.42
1945,14.500,4.500,14.338,5,shear-n tension-n,2.18300e-01,-1.04873e-01,2.42185e-01,-33830.86
1946,15.500,4.500,13.412,5,shear-n tension-n,2.33603e-01,-8.58989e-02,2.48896e-01,-31274.50
1947,16.500,4.500,12.488,5,shear-n tension-n,2.41490e-01,-6.20403e-02,2.49332e-01,-32275.68
1948,17.500,4.500,11.563,5,shear-n tension-n,2.22340e-01,-3.04883e-02,2.24421e-01,-30291.03
1949,18.500,4.500,10.638,5,shear-n tension-n,1.60096e-01,-2.23678e-03,1.60111e-01,-32498.99
1950,19.500,4.500,9.713,5,shear-n tension-n,7.47817e-02,1.01921e-02,7.54730e-02,-38479.26
1951,10.500,0.500,19.012,5,shear-n tension-n,1.41805e-01,-1.69272e-01,2.20820e-01,-14270.29
1952,11.500,0.500,18.038,5,shear-n tension-n,1.56559e-01,-1.54234e-01,2.19770e-01,-20731.97
1953,12.500,0.500,17.062,5,shear-n tension-n,1.72051e-01,-1.38618e-01,2.20945e-01,-20361.70
1954,13.500,0.500,16.087,5,shear-n tension-n,1.88204e-01,-1.22198e-01,2.24395e-01,-19862.59
1955,14.500,0.500,15.113,5,shear-n tension-n,2.05037e-01,-1.04979e-01,2.30349e-01,-20791.73
1956,15.500,0.500,14.137,5,shear-n tension-n,2.22441e-01,-8.66262e-02,2.38713e-01,-23774.26
1957,16.500,0.500,13.163,5,shear-n tension-n,2.38979e-01,-6.49765e-02,2.47655e-01,-21636.88
1958,17.500,0.500,12.188,5,shear-n tension-n,2.43235e-01,-3.52730e-02,2.45779e-01,-19071.04
1959,18.500,0.500,11.213,5,shear-n tension-n,2.07128e-01,-3.47809e-03,2.07157e-01,-20898.39
1960,19.500,0.500,10.238,5,shear-n tension-n,1.18460e-01,2.06500e-02,1.20247e-01,-21501.02
1961,10.500,1.500,19.012,5,shear-n tension-n,1.41805e-01,-1.69273e-01,2.20821e-01,-14277.91
1962,11.500,1.500,18.038,5,shear-n tension-n,1.56559e-01,-1.54234e-01,2.19770e-01,-20722.26
1963,12.500,1.500,17.062,5,shear-n tension-n,1.72051e-01,-1.38618e-01,2.20945e-01,-20376.31
1964,13.500,1.500,16.087,5,shear-n tension-n,1.88204e-01,-1.22198e-01,2.24395e-01,-19892.75
1965,14.500,1.500,15.113,5,shear-n tension-n,2.05037e-01,-1.04979e-01,2.30349e-01,-20804.44
1966,15.500,1.500,14.137,5,shear-n tension-n,2.22441e-01,-8.66261e-02,2.38713e-01,-23784.32
1967,16.500,1.500,13.163,5,shear-n tension-n,2.38980e-01,-6.49763e-02,2.47655e-01,-21641.05
1968,17.500,1.500,12.188,5,shear-n tension-n,2.43237e-01,-3.52730e-02,2.45781e-01,-19061.02
1969,18.500,1.500,11.213,5,shear-n tension-n,2.07131e-01,-3.47807e-03,2.07160e-01,-20899.58
1970,19.500,1.500,10.238,5,shear-n tension-n,1.18464e-01,2.06523e-02,1.20251e-01,-21492.92
1971,10.500,2.500,19.012,5,shear-n tension-n,1.41804e-01,-1.69273e-01,2.20820e-01,-14282.96
1972,11.500,2.500,18.038,5,shear-n tension-n,1.56559e-01,-1.54234e-01,2.19770e-01,-20712.83
1973,12.500,2.500,17.062,5,shear-n tension-n,1.72051e-01,-1.38618e-01,2.20945e-01,-20369.20
1974,13.500,2.500,16.087,5,shear-n tension-n,1.88205e-01,-1.22197e-01,2.24395e-01,-19863.87
1975,14.500,2.500,15.113,5,shear-n tension-n,2.05038e-01,-1.04978e-01,2.30349e-01,-20793.73
1976,15.500,2.500,14.137,5,shear-n tension-n,2.22441e-01,-8.66253e-02,2.38713e-01,-23781.15
1977,16.500,2.500,13.163,5,shear-n tension-n,2.38980e-01,-6.49746e-02,2.47655e-01,-21643.52
1978,17.500,2.500,12.188,5,shear-n tension-n,2.43237e-01,-3.52697e-02,2.45781e-01,-19060.86
1979,18.500,2.500,11.213,5,shear-n tension-n,2.07131e-01,-3.47776e-03,2.07160e-01,-20908.20
1980,19.500,2.500,10.238,5,shear-n tension-n,1.18464e-01,2.06520e-02,1.20251e-01,-21504.28
1981,10.500,3.500,19.012,5,shear-n tension-n,1.41804e-01,-1.69272e-01,2.20820e-01,-14285.69
1982,11.500,3.500,18.038,5,shear-n tension-n,1.56559e-01,-1.54234e-01,2.19770e-01,-20723.52
1983,12.500,3.500,17.062,5,shear-n tension-n,1.72051e-01,-1.38618e-01,2.20944e-01,-20368.65
1984,13.500,3.500,16.087,5,shear-n tension-n,1.88205e-01,-1.22197e-01,2.24395e-01,-19863.75
1985,14.500,3.500,15.113,5,shear-n tension-n,2.05038e-01,-1.04978e-01,2.30350e-01,-20818.87
1986,15.500,3.500,14.137,5,shear-n tension-n,2.22442e-01,-8.66248e-02,2.38714e-01,-23792.22
1987,16.500,3.500,13.163,5,shear-n tension-n,2.38980e-01,-6.49734e-02,2.47655e-01,-21644.60
1988,17.500,3.500,12.188,5,shear-n tension-n,2.43236e-01,-3.52662e-02,2.45780e-01,-19061.38
1989,18.500,3.500,11.213,5,shear-n tension-n,2.07128e-01,-3.47567e-03,2.07158e-01,-20900.05
1990,19.500,3.500,10.238,5,shear-n tension-n,1.18461e-01,2.06514e-02,1.20248e-01,-21506.46
1991,10.500,4.500,19.012,5,shear-n tension-n,1.41804e-01,-1.69272e-01,2.20820e-01,-14286.61
1992,11.500,4.500,18.038,5,shear-n tension-n,1.56559e-01,-1.54234e-01,2.19770e-01,-20735.85
1993,12.500,4.500,17.062,5,shear-n tension-n,1.72051e-01,-1.38618e-01,2.20944e-01,-20344.65
1994,13.500,4.500,16.087,5,shear-n tension-n,1.88205e-01,-1.22197e-01,2.24395e-01,-19892.34
1995,14.500,4.500,15.113,5,shear-n tension-n,2.05038e-01,-1.04978e-01,2.30350e-01,-20795.13
1996,15.500,4.500,14.137,5,shear-n tension-n,2.22442e-01,-8.66241e-02,2.38714e-01,-23768.57
1997,16.500,4.500,13.163,5,shear-n tension-n,2.38979e-01,-6.49727e-02,2.47654e-01,-21647.29
1998,17.500,4.500,12.188,5,shear-n tension-n,2.43234e-01,-3.52645e-02,2.45777e-01,-19065.30
1999,18.500,4.500,11.213,5,shear-n tension-n,2.07124e-01,-3.47366e-03,2.07154e-01,-20897.68
2000,19.500,4.500,10.238,5,shear-n tension-n,1.18456e-01,2.06510e-02,1.20243e-01,-21497.72
2001,20.500,0.500,0.250,4,tension-p,8.66544e-04,-2.60683e-04,9.04905e-04,-217735.17
2002,21.500,0.500,0.250,4,tension-p,8.32160e-04,-2.47695e-04,8.68241e-04,-212420.80
2003,22.500,0.500,0.250,4,tension-p,7.49571e-04,-2.21991e-04,7.81752e-04,-207026.02
2004,23.500,0.500,0.250,4,tension-p,6.28982e-04,-1.90480e-04,6.57191e-04,-201806.08
2005,24.500,0.500,0.250,4,tension-p,4.93847e-04,-1.59095e-04,5.18841e-04,-197233.69
2006,25.500,0.500,0.250,4,tension-p,3.65134e-04,-1.31529e-04,3.88101e-04,-193332.98
2007,26.500,0.500,0.250,4,tension-p,2.55719e-04,-1.09777e-04,2.78286e-04,-190141.87
2008,27.500,0.500,0.250,4,tension-p,1.67030e-04,-9.47929e-05,1.92054e-04,-187772.27
2009,28.500,0.500,0.250,4,tension-p,9.38787e-05,-8.61834e-05,1.27439e-04,-186295.71
2010,29.500,0.500,0.250,4,tension-p,3.01743e-05,-8.26627e-05,8.79978e-05,-185517.36
2011,20.500,1.500,0.250,4,tension-p,8.67248e-04,-2.61064e-04,9.05689e-04,-217794.67
2012,21.500,1.500,0.250,4,tension-p,8.32301e-04,-2.47836e-04,8.68416e-04,-212426.86
2013,22.500,1.500,0.250,4,tension-p,7.49702e-04,-2.21960e-04,7.81869e-04,-206999.65
2014,23.500,1.500,0.250,4,tension-p,6.29097e-04,-1.90472e-04,6.57299e-04,-201827.94
2015,24.500,1.500,0.250,4,tension-p,4.93661e-04,-1.59003e-04,5.18636e-04,-197246.04
2016,25.500,1.500,0.250,4,tension-p,3.64766e-04,-1.31467e-04,3.87734e-04,-193343.68
2017,26.500,1.500,0.250,4,tension-p,2.55455e-04,-1.09660e-04,2.77997e-04,-190129.34
2018,27.500,1.500,0.250,4,tension-p,1.66994e-04,-9.47544e-05,1.92004e-04,-187752.97
2019,28.500,1.500,0.250,4,tension-p,9.39090e-05,-8.61843e-05,1.27462e-04,-186305.06
2020,29.500,1.500,0.250,4,tension-p,3.01798e-05,-8.24599e-05,8.78092e-05,-185493.32
2021,20.500,2.500,0.250,4,tension-p,8.67638e-04,-2.60981e-04,9.06040e-04,-217764.77
2022,21.500,2.500,0.250,5,shear-n tension-n,8.32430e-04,-2.47678e-04,8.68496e-04,-212408.77
2023,22.500,2.500,0.250,4,tension-p,7.49665e-04,-2.21949e-04,7.81831e-04,-207015.92
2024,23.500,2.500,0.250,4,tension-p,6.28730e-04,-1.90336e-04,6.56909e-04,-201863.79
2025,24.500,2.500,0.250,4,tension-p,4.93226e-04,-1.58971e-04,5.18212e-04,-197239.79
2026,25.500,2.500,0.250,4,tension-p,3.64589e-04,-1.31523e-04,3.87587e-04,-193340.34
2027,26.500,2.500,0.250,4,tension-p,2.55383e-04,-1.09699e-04,2.77947e-04,-190135.44
2028,27.500,2.500,0.250,4,tension-p,1.67022e-04,-9.48239e-05,1.92062e-04,-187764.55
2029,28.500,2.500,0.250,4,tension-p,9.39780e-05,-8.61659e-05,1.27501e-04,-186304.69
2030,29.500,2.500,0.250,4,tension-p,3.02286e-05,-8.25059e-05,8.78692e-05,-185507.81
2031,20.500,3.500,0.250,4,tension-p,8.67444e-04,-2.61084e-04,9.05883e-04,-217792.97
2032,21.500,3.500,0.250,5,shear-n tension-n,8.32304e-04,-2.47620e-04,8.68358e-04,-212418.52
2033,22.500,3.500,0.250,4,tension-p,7.49401e-04,-2.21848e-04,7.81549e-04,-207025.96
2034,23.500,3.500,0.250,4,tension-p,6.28416e-04,-1.90268e-04,6.56588e-04,-201853.83
2035,24.500,3.500,0.250,4,tension-p,4.93241e-04,-1.58921e-04,5.18211e-04,-197245.67
2036,25.500,3.500,0.250,4,tension-p,3.64919e-04,-1.31526e-04,3.87898e-04,-193335.92
2037,26.500,3.500,0.250,4,tension-p,2.55596e-04,-1.09724e-04,2.78153e-04,-190153.21
2038,27.500,3.500,0.250,4,tension-p,1.67010e-04,-9.48311e-05,1.92055e-04,-187772.77
2039,28.500,3.500,0.250,4,tension-p,9.40067e-05,-8.61168e-05,1.27489e-04,-186297.04
2040,29.500,3.500,0.250,4,tension-p,3.02653e-05,-8.25703e-05,8.79422e-05,-185525.04
2041,20.500,4.500,0.250,4,tension-p,8.67210e-04,-2.60996e-04,9.05633e-04,-217776.93
2042,21.500,4.500,0.250,4,tension-p,8.32722e-04,-2.47690e-04,8.68779e-04,-212394.17
2043,22.500,4.500,0.250,4,tension-p,7.49835e-04,-2.21890e-04,7.81976e-04,-207041.63
2044,23.500,4.500,0.250,4,tension-p,6.28780e-04,-1.90386e-04,6.56971e-04,-201840.61
2045,24.500,4.500,0.250,4,tension-p,4.93547e-04,-1.58917e-04,5.18501e-04,-197239.74
2046,25.500,4.500,0.250,4,tension-p,3.64994e-04,-1.31540e-04,3.87973e-04,-193336.73
2047,26.500,4.500,0.250,4,tension-p,2.55614e-04,-1.09698e-04,2.78159e-04,-190152.80
2048,27.500,4.500,0.250,4,tension-p,1.66959e-04,-9.47248e-05,1.91958e-04,-187777.85
2049,28.500,4.500,0.250,4,tension-p,9.39303e-05,-8.60387e-05,1.27380e-04,-186286.04
2050,29.500,4.500,0.250,4,tension-p,3.02390e-05,-8.25361e-05,8.79011e-05,-185516.31
2051,20.500,0.500,0.750,4,tension-p,2.48311e-03,-7.31170e-04,2.58852e-03,-208866.66
2052,21.500,0.500,0.750,4,tension-p,2.29931e-03,-6.60017e-04,2.39217e-03,-202701.15
2053,22.500,0.500,0.750,4,tension-p,2.00106e-03,-5.61610e-04,2.07837e-03,-196622.14
2054,23.500,0.500,0.750,4,tension-p,1.64243e-03,-4.60880e-04,1.70586e-03,-190775.72
2055,24.500,0.500,0.750,4,tension-p,1.28126e-03,-3.73101e-04,1.33447e-03,-185781.45
2056,25.500,0.500,0.750,4,tension-p,9.54960e-04,-3.06345e-04,1.00289e-03,-181764.45
2057,26.500,0.500,0.750,4,tension-p,6.79651e-04,-2.58145e-04,7.27024e-04,-178628.79
2058,27.500,0.500,0.750,4,tension-p,4.51457e-04,-2.25799e-04,5.04776e-04,-176391.00
2059,28.500,0.500,0.750,4,tension-p,2.57277e-04,-2.07457e-04,3.30499e-04,-174953.01
2060,29.500,0.500,0.750,4,tension-p,8.34254e-05,-1.99934e-04,2.16641e-04,-174197.12
2061,20.500,1.500,0.750,4,tension-p,2.48370e-03,-7.31725e-04,2.58924e-03,-208890.31
2062,21.500,1.500,0.750,4,tension-p,2.29919e-03,-6.60244e-04,2.39211e-03,-202670.20
2063,22.500,1.500,0.750,4,tension-p,2.00100e-03,-5.61257e-04,2.07822e-03,-196581.02
2064,23.500,1.500,0.750,4,tension-p,1.64231e-03,-4.60547e-04,1.70566e-03,-190756.02
2065,24.500,1.500,0.750,4,tension-p,1.28085e-03,-3.72966e-04,1.33404e-03,-185821.24
2066,25.500,1.500,0.750,4,tension-p,9.54339e-04,-3.06253e-04,1.00227e-03,-181781.55
2067,26.500,1.500,0.750,4,tension-p,6.79243e-04,-2.58059e-04,7.26612e-04,-178622.72
2068,27.500,1.500,0.750,4,tension-p,4.51399e-04,-2.25805e-04,5.04726e-04,-176367.40
2069,28.500,1.500,0.750,4,tension-p,2.57314e-04,-2.07457e-04,3.30528e-04,-174951.51
2070,29.500,1.500,0.750,4,tension-p,8.34277e-05,-1.99613e-04,2.16346e-04,-174197.45
2071,20.500,2.500,0.750,4,tension-p,2.48424e-03,-7.31538e-04,2.58971e-03,-208860.15
2072,21.500,2.500,0.750,4,tension-p,2.29911e-03,-6.59903e-04,2.39194e-03,-202707.45
2073,22.500,2.500,0.750,4,tension-p,2.00059e-03,-5.61005e-04,2.07776e-03,-196581.54
2074,23.500,2.500,0.750,4,tension-p,1.64166e-03,-4.60219e-04,1.70495e-03,-190813.47
2075,24.500,2.500,0.750,4,tension-p,1.28023e-03,-3.72959e-04,1.33345e-03,-185793.84
2076,25.500,2.500,0.750,4,tension-p,9.54060e-04,-3.06330e-04,1.00203e-03,-181776.72
2077,26.500,2.500,0.750,4,tension-p,6.79103e-04,-2.58065e-04,7.26484e-04,-178626.07
2078,27.500,2.500,0.750,4,tension-p,4.51422e-04,-2.25886e-04,5.04783e-04,-176382.48
2079,28.500,2.500,0.750,4,tension-p,2.57416e-04,-2.07448e-04,3.30602e-04,-174952.53
2080,29.500,2.500,0.750,4,tension-p,8.35044e-05,-1.99648e-04,2.16407e-04,-174197.73
2081,20.500,3.500,0.750,4,tension-p,2.48377e-03,-7.31808e-04,2.58933e-03,-208889.29
2082,21.500,3.500,0.750,4,tension-p,2.29894e-03,-6.59753e-04,2.39173e-03,-202701.00
2083,22.500,3.500,0.750,4,tension-p,2.00031e-03,-5.60941e-04,2.07747e-03,-196603.39
2084,23.500,3.500,0.750,4,tension-p,1.64135e-03,-4.60335e-04,1.70468e-03,-190788.95
2085,24.500,3.500,0.750,4,tension-p,1.28037e-03,-3.72862e-04,1.33355e-03,-185804.09
2086,25.500,3.500,0.750,4,tension-p,9.54476e-04,-3.06213e-04,1.00239e-03,-181765.41
2087,26.500,3.500,0.750,4,tension-p,6.79367e-04,-2.57996e-04,7.26706e-04,-178634.67
2088,27.500,3.500,0.750,4,tension-p,4.51393e-04,-2.25807e-04,5.04722e-04,-176378.10
2089,28.500,3.500,0.750,4,tension-p,2.57441e-04,-2.07364e-04,3.30569e-04,-174961.99
2090,29.500,3.500,0.750,4,tension-p,8.35573e-05,-1.99723e-04,2.16498e-04,-174209.88
2091,20.500,4.500,0.750,4,tension-p,2.48424e-03,-7.31806e-04,2.58979e-03,-208913.30
2092,21.500,4.500,0.750,4,tension-p,2.29995e-03,-6.59846e-04,2.39274e-03,-202660.20
2093,22.500,4.500,0.750,4,tension-p,2.00105e-03,-5.60897e-04,2.07817e-03,-196635.15
2094,23.500,4.500,0.750,4,tension-p,1.64186e-03,-4.60527e-04,1.70522e-03,-190769.19
2095,24.500,4.500,0.750,4,tension-p,1.28080e-03,-3.72817e-04,1.33396e-03,-185811.97
2096,25.500,4.500,0.750,4,tension-p,9.54591e-04,-3.06168e-04,1.00249e-03,-181765.12
2097,26.500,4.500,0.750,4,tension-p,6.79382e-04,-2.57904e-04,7.26688e-04,-178634.30
2098,27.500,4.500,0.750,4,tension-p,4.51318e-04,-2.25617e-04,5.04570e-04,-176388.55
2099,28.500,4.500,0.750,4,tension-p,2.57336e-04,-2.07231e-04,3.30404e-04,-174960.20
2100,29.500,4.500,0.750,4,tension-p,8.35218e-05,-1.99613e-04,2.16382e-04,-174192.69
2101,20.500,0.500,1.250,5,shear-n tension-n,3.74530e-03,-1.05785e-03,3.89183e-03,-199609.40
2102,21.500,0.500,1.250,4,tension-p,3.31103e-03,-8.85874e-04,3.42750e-03,-192330.24
2103,22.500,0.500,1.250,4,tension-p,2.79358e-03,-7.07621e-04,2.88180e-03,-185928.88
2104,23.500,0.500,1.250,4,tension-p,2.26686e-03,-5.53554e-04,2.33347e-03,-179911.10
2105,24.500,0.500,1.250,4,tension-p,1.77809e-03,-4.33477e-04,1.83016e-03,-174862.14
2106,25.500,0.500,1.250,4,tension-p,1.34873e-03,-3.53046e-04,1.39417e-03,-170648.69
2107,26.500,0.500,1.250,4,tension-p,9.80955e-04,-3.01071e-04,1.02612e-03,-167502.49
2108,27.500,0.500,1.250,4,tension-p,6.64370e-04,-2.67993e-04,7.16385e-04,-165314.63
2109,28.500,0.500,1.250,4,tension-p,3.84223e-04,-2.49496e-04,4.58122e-04,-163872.29
2110,29.500,0.500,1.250,4,tension-p,1.25672e-04,-2.41955e-04,2.72646e-04,-163146.47
2111,20.500,1.500,1.250,4,tension-p,3.74517e-03,-1.05810e-03,3.89177e-03,-199619.04
2112,21.500,1.500,1.250,4,tension-p,3.31078e-03,-8.86213e-04,3.42733e-03,-192318.99
2113,22.500,1.500,1.250,4,tension-p,2.79349e-03,-7.07364e-04,2.88165e-03,-185935.82
2114,23.500,1.500,1.250,4,tension-p,2.26655e-03,-5.53021e-04,2.33304e-03,-179916.41
2115,24.500,1.500,1.250,4,tension-p,1.77771e-03,-4.33310e-04,1.82976e-03,-174872.74
2116,25.500,1.500,1.250,4,tension-p,1.34834e-03,-3.52967e-04,1.39377e-03,-170655.53
2117,26.500,1.500,1.250,4,tension-p,9.80745e-04,-3.01169e-04,1.02594e-03,-167497.19
2118,27.500,1.500,1.250,4,tension-p,6.64327e-04,-2.68090e-04,7.16382e-04,-165299.27
2119,28.500,1.500,1.250,4,tension-p,3.84224e-04,-2.49523e-04,4.58138e-04,-163863.01
2120,29.500,1.500,1.250,4,tension-p,1.25668e-04,-2.41942e-04,2.72632e-04,-163157.20
2121,20.500,2.500,1.250,5,shear-n tension-n,3.74519e-03,-1.05787e-03,3.89173e-03,-199606.99
2122,21.500,2.500,1.250,4,tension-p,3.31032e-03,-8.85823e-04,3.42679e-03,-192322.28
2123,22.500,2.500,1.250,4,tension-p,2.79290e-03,-7.06833e-04,2.88096e-03,-185951.81
2124,23.500,2.500,1.250,4,tension-p,2.26612e-03,-5.52637e-04,2.33253e-03,-179928.46
2125,24.500,2.500,1.250,4,tension-p,1.77741e-03,-4.33319e-04,1.82947e-03,-174853.22
2126,25.500,2.500,1.250,4,tension-p,1.34814e-03,-3.52951e-04,1.39358e-03,-170655.78
2127,26.500,2.500,1.250,4,tension-p,9.80627e-04,-3.01105e-04,1.02581e-03,-167501.12
2128,27.500,2.500,1.250,4,tension-p,6.64309e-04,-2.68072e-04,7.16358e-04,-165301.47
2129,28.500,2.500,1.250,4,tension-p,3.84261e-04,-2.49504e-04,4.58158e-04,-163869.86
2130,29.500,2.500,1.250,4,tension-p,1.25699e-04,-2.41772e-04,2.72496e-04,-163153.65
2131,20.500,3.500,1.250,5,shear-n tension-n,3.74438e-03,-1.05806e-03,3.89100e-03,-199600.06
2132,21.500,3.500,1.250,4,tension-p,3.31005e-03,-8.85613e-04,3.42647e-03,-192309.66
2133,22.500,3.500,1.250,4,tension-p,2.79279e-03,-7.06770e-04,2.88083e-03,-185943.84
2134,23.500,3.500,1.250,4,tension-p,2.26610e-03,-5.52910e-04,2.33257e-03,-179904.84
2135,24.500,3.500,1.250,4,tension-p,1.77755e-03,-4.33260e-04,1.82959e-03,-174867.03
2136,25.500,3.500,1.250,4,tension-p,1.34826e-03,-3.52745e-04,1.39364e-03,-170663.74
2137,26.500,3.500,1.250,4,tension-p,9.80686e-04,-3.00891e-04,1.02581e-03,-167505.04
2138,27.500,3.500,1.250,4,tension-p,6.64286e-04,-2.67868e-04,7.16260e-04,-165310.14
2139,28.500,3.500,1.250,4,tension-p,3.84253e-04,-2.49387e-04,4.58088e-04,-163869.17
2140,29.500,3.500,1.250,4,tension-p,1.25715e-04,-2.41622e-04,2.72370e-04,-163156.34
2141,20.500,4.500,1.250,5,shear-n tension-n,3.74562e-03,-1.05811e-03,3.89220e-03,-199632.21
2142,21.500,4.500,1.250,5,shear-n tension-n,3.31084e-03,-8.85503e-04,3.42721e-03,-192318.93
2143,22.500,4.500,1.250,4,tension-p,2.79311e-03,-7.06535e-04,2.88109e-03,-185975.33
2144,23.500,4.500,1.250,4,tension-p,2.26627e-03,-5.52963e-04,2.33275e-03,-179903.25
2145,24.500,4.500,1.250,4,tension-p,1.77772e-03,-4.33177e-04,1.82973e-03,-174867.62
2146,25.500,4.500,1.250,4,tension-p,1.34832e-03,-3.52620e-04,1.39367e-03,-170660.36
2147,26.500,4.500,1.250,4,tension-p,9.80688e-04,-3.00754e-04,1.02577e-03,-167506.20
2148,27.500,4.500,1.250,4,tension-p,6.64256e-04,-2.67724e-04,7.16179e-04,-165314.58
2149,28.500,4.500,1.250,4,tension-p,3.84220e-04,-2.49313e-04,4.58019e-04,-163870.60
2150,29.500,4.500,1.250,4,tension-p,1.25705e-04,-2.41663e-04,2.72401e-04,-163153.95
2151,20.500,0.500,1.750,5,shear-n tension-n,4.54724e-03,-1.20430e-03,4.70402e-03,-189663.19
2152,21.500,0.500,1.750,4,tension-p,3.92968e-03,-9.53316e-04,4.04366e-03,-182348.06
2153,22.500,0.500,1.750,4,tension-p,3.29599e-03,-7.27375e-04,3.37530e-03,-175473.51
2154,23.500,0.500,1.750,4,tension-p,2.69281e-03,-5.49540e-04,2.74831e-03,-169114.62
2155,24.500,0.500,1.750,4,tension-p,2.14456e-03,-4.21591e-04,2.18561e-03,-164055.91
2156,25.500,0.500,1.750,4,tension-p,1.65621e-03,-3.38881e-04,1.69052e-03,-159821.24
2157,26.500,0.500,1.750,4,tension-p,1.22391e-03,-2.88570e-04,1.25747e-03,-156655.09
2158,27.500,0.500,1.750,4,tension-p,8.38983e-04,-2.58304e-04,8.77846e-04,-154426.90
2159,28.500,0.500,1.750,4,tension-p,4.89254e-04,-2.41801e-04,5.45745e-04,-153024.51
2160,29.500,0.500,1.750,4,tension-p,1.60746e-04,-2.35206e-04,2.84888e-04,-152331.19
2161,20.500,1.500,1.750,5,shear-n tension-n,4.54716e-03,-1.20443e-03,4.70397e-03,-189679.11
2162,21.500,1.500,1.750,4,tension-p,3.92961e-03,-9.53601e-04,4.04366e-03,-182321.81
2163,22.500,1.500,1.750,4,tension-p,3.29606e-03,-7.27418e-04,3.37537e-03,-175472.35
2164,23.500,1.500,1.750,4,tension-p,2.69268e-03,-5.49228e-04,2.74812e-03,-169132.74
2165,24.500,1.500,1.750,4,tension-p,2.14434e-03,-4.21363e-04,2.18534e-03,-164067.63
2166,25.500,1.500,1.750,4,tension-p,1.65601e-03,-3.38788e-04,1.69031e-03,-159833.96
2167,26.500,1.500,1.750,4,tension-p,1.22381e-03,-2.88651e-04,1.25739e-03,-156644.98
2168,27.500,1.500,1.750,4,tension-p,8.38946e-04,-2.58388e-04,8.77836e-04,-154422.00
2169,28.500,1.500,1.750,4,tension-p,4.89246e-04,-2.41855e-04,5.45762e-04,-153022.81
2170,29.500,1.500,1.750,4,tension-p,1.60746e-04,-2.35360e-04,2.85015e-04,-152318.38
2171,20.500,2.500,1.750,5,shear-n tension-n,4.54688e-03,-1.20430e-03,4.70366e-03,-189670.54
2172,21.500,2.500,1.750,4,tension-p,3.92922e-03,-9.53401e-04,4.04324e-03,-182312.41
2173,22.500,2.500,1.750,4,tension-p,3.29574e-03,-7.27030e-04,3.37497e-03,-175484.58
2174,23.500,2.500,1.750,4,tension-p,2.69246e-03,-5.48920e-04,2.74784e-03,-169147.08
2175,24.500,2.500,1.750,4,tension-p,2.14415e-03,-4.21279e-04,2.18514e-03,-164058.04
2176,25.500,2.500,1.750,4,tension-p,1.65585e-03,-3.38697e-04,1.69014e-03,-159831.38
2177,26.500,2.500,1.750,4,tension-p,1.22373e-03,-2.88581e-04,1.25730e-03,-156643.97
2178,27.500,2.500,1.750,4,tension-p,8.38920e-04,-2.58326e-04,8.77792e-04,-154422.83
2179,28.500,2.500,1.750,4,tension-p,4.89241e-04,-2.41779e-04,5.45723e-04,-153021.09
2180,29.500,2.500,1.750,4,tension-p,1.60744e-04,-2.35095e-04,2.84795e-04,-152329.87
2181,20.500,3.500,1.750,5,shear-n tension-n,4.54614e-03,-1.20423e-03,4.70293e-03,-189647.56
2182,21.500,3.500,1.750,4,tension-p,3.92888e-03,-9.53167e-04,4.04285e-03,-182320.70
2183,22.500,3.500,1.750,4,tension-p,3.29557e-03,-7.26795e-04,3.37476e-03,-175491.01
2184,23.500,3.500,1.750,4,tension-p,2.69241e-03,-5.48971e-04,2.74781e-03,-169130.75
2185,24.500,3.500,1.750,4,tension-p,2.14415e-03,-4.21240e-04,2.18514e-03,-164056.82
2186,25.500,3.500,1.750,4,tension-p,1.65587e-03,-3.38545e-04,1.69013e-03,-159834.35
2187,26.500,3.500,1.750,4,tension-p,1.22373e-03,-2.88372e-04,1.25725e-03,-156650.60
2188,27.500,3.500,1.750,4,tension-p,8.38911e-04,-2.58119e-04,8.77722e-04,-154428.81
2189,28.500,3.500,1.750,4,tension-p,4.89230e-04,-2.41616e-04,5.45642e-04,-153022.21
2190,29.500,3.500,1.750,4,tension-p,1.60737e-04,-2.34820e-04,2.84564e-04,-152345.62
2191,20.500,4.500,1.750,5,shear-n tension-n,4.54673e-03,-1.20388e-03,4.70342e-03,-189671.61
2192,21.500,4.500,1.750,4,tension-p,3.92908e-03,-9.52786e-04,4.04295e-03,-182343.48
2193,22.500,4.500,1.750,4,tension-p,3.29561e-03,-7.26511e-04,3.37474e-03,-175499.08
2194,23.500,4.500,1.750,4,tension-p,2.69246e-03,-5.48912e-04,2.74784e-03,-169126.27
2195,24.500,4.500,1.750,4,tension-p,2.14420e-03,-4.21164e-04,2.18517e-03,-164057.68
2196,25.500,4.500,1.750,4,tension-p,1.65591e-03,-3.38425e-04,1.69014e-03,-159837.19
2197,26.500,4.500,1.750,4,tension-p,1.22374e-03,-2.88241e-04,1.25723e-03,-156652.43
2198,27.500,4.500,1.750,4,tension-p,8.38909e-04,-2.58011e-04,8.77688e-04,-154430.60
2199,28.500,4.500,1.750,4,tension-p,4.89233e-04,-2.41588e-04,5.45631e-04,-153022.94
2200,29.500,4.500,1.750,4,tension-p,1.60741e-04,-2.34984e-04,2.84702e-04,-152326.20
2201,20.500,0.500,2.250,4,tension-p,5.05729e-03,-1.23054e-03,5.20485e-03,-179822.65
2202,21.500,0.500,2.250,4,tension-p,4.36097e-03,-9.39183e-04,4.46095e-03,-172183.59
2203,22.500,0.500,2.250,4,tension-p,3.67501e-03,-6.88783e-04,3.73900e-03,-164876.28
2204,23.500,0.500,2.250,4,tension-p,3.03016e-03,-4.99927e-04,3.07112e-03,-158597.87
2205,24.500,0.500,2.250,4,tension-p,2.44017e-03,-3.69386e-04,2.46797e-03,-153296.63
2206,25.500,0.500,2.250,4,tension-p,1.90552e-03,-2.85565e-04,1.92680e-03,-149089.15
2207,26.500,0.500,2.250,4,tension-p,1.42201e-03,-2.36602e-04,1.44156e-03,-145922.13
2208,27.500,0.500,2.250,4,tension-p,9.82307e-04,-2.09797e-04,1.00446e-03,-143786.47
2209,28.500,0.500,2.250,0,elastic,5.75877e-04,-1.96518e-04,6.08484e-04,-142437.00
2210,29.500,0.500,2.250,0,elastic,1.89727e-04,-1.91450e-04,2.69535e-04,-141773.38
2211,20.500,1.500,2.250,4,tension-p,5.05719e-03,-1.23059e-03,5.20476e-03,-179829.01
2212,21.500,1.500,2.250,4,tension-p,4.36085e-03,-9.39230e-04,4.46085e-03,-172198.23
2213,22.500,1.500,2.250,4,tension-p,3.67494e-03,-6.88728e-04,3.73892e-03,-164874.99
2214,23.500,1.500,2.250,4,tension-p,3.03007e-03,-4.99757e-04,3.07101e-03,-158609.44
2215,24.500,1.500,2.250,4,tension-p,2.44005e-03,-3.69214e-04,2.46782e-03,-153307.45
2216,25.500,1.500,2.250,4,tension-p,1.90542e-03,-2.85481e-04,1.92669e-03,-149090.55
2217,26.500,1.500,2.250,4,tension-p,1.42196e-03,-2.36610e-04,1.44151e-03,-145919.80
2218,27.500,1.500,2.250,4,tension-p,9.82282e-04,-2.09837e-04,1.00444e-03,-143783.29
2219,28.500,1.500,2.250,0,elastic,5.75871e-04,-1.96556e-04,6.08491e-04,-142434.47
2220,29.500,1.500,2.250,0,elastic,1.89729e-04,-1.91512e-04,2.69581e-04,-141767.87
2221,20.500,2.500,2.250,4,tension-p,5.05697e-03,-1.23064e-03,5.20456e-03,-179799.14
2222,21.500,2.500,2.250,4,tension-p,4.36064e-03,-9.39287e-04,4.46066e-03,-172178.93
2223,22.500,2.500,2.250,4,tension-p,3.67475e-03,-6.88574e-04,3.73871e-03,-164872.91
2224,23.500,2.500,2.250,4,tension-p,3.02993e-03,-4.99547e-04,3.07084e-03,-158611.93
2225,24.500,2.500,2.250,4,tension-p,2.43993e-03,-3.69072e-04,2.46769e-03,-153307.09
2226,25.500,2.500,2.250,4,tension-p,1.90533e-03,-2.85374e-04,1.92658e-03,-149091.21
2227,26.500,2.500,2.250,4,tension-p,1.42191e-03,-2.36533e-04,1.44145e-03,-145920.02
2228,27.500,2.500,2.250,4,tension-p,9.82260e-04,-2.09771e-04,1.00441e-03,-143783.55
2229,28.500,2.500,2.250,0,elastic,5.75854e-04,-1.96465e-04,6.08446e-04,-142435.70
2230,29.500,2.500,2.250,0,elastic,1.89718e-04,-1.91338e-04,2.69449e-04,-141773.69
2231,20.500,3.500,2.250,5,shear-n tension-n,5.05662e-03,-1.23034e-03,5.20415e-03,-179804.97
2232,21.500,3.500,2.250,4,tension-p,4.36042e-03,-9.39058e-04,4.46039e-03,-172190.09
2233,22.500,3.500,2.250,4,tension-p,3.67464e-03,-6.88370e-04,3.73856e-03,-164881.23
2234,23.500,3.500,2.250,4,tension-p,3.02989e-03,-4.99444e-04,3.07078e-03,-158609.76
2235,24.500,3.500,2.250,4,tension-p,2.43991e-03,-3.69003e-04,2.46765e-03,-153305.35
2236,25.500,3.500,2.250,4,tension-p,1.90531e-03,-2.85254e-04,1.92655e-03,-149092.69
2237,26.500,3.500,2.250,4,tension-p,1.42190e-03,-2.36378e-04,1.44141e-03,-145923.70
2238,27.500,3.500,2.250,4,tension-p,9.82254e-04,-2.09618e-04,1.00437e-03,-143787.13
2239,28.500,3.500,2.250,0,elastic,5.75844e-04,-1.96319e-04,6.08389e-04,-142438.79
2240,29.500,3.500,2.250,0,elastic,1.89708e-04,-1.91148e-04,2.69308e-04,-141779.90
2241,20.500,4.500,2.250,4,tension-p,5.05670e-03,-1.22975e-03,5.20408e-03,-179825.17
2242,21.500,4.500,2.250,4,tension-p,4.36041e-03,-9.38563e-04,4.46028e-03,-172195.09
2243,22.500,4.500,2.250,4,tension-p,3.67466e-03,-6.88117e-04,3.73854e-03,-164880.76
2244,23.500,4.500,2.250,4,tension-p,3.02993e-03,-4.99356e-04,3.07080e-03,-158608.81
2245,24.500,4.500,2.250,4,tension-p,2.43992e-03,-3.68935e-04,2.46766e-03,-153305.52
2246,25.500,4.500,2.250,4,tension-p,1.90532e-03,-2.85159e-04,1.92654e-03,-149094.84
2247,26.500,4.500,2.250,4,tension-p,1.42190e-03,-2.36271e-04,1.44140e-03,-145925.86
2248,27.500,4.500,2.250,4,tension-p,9.82261e-04,-2.09531e-04,1.00436e-03,-143788.79
2249,28.500,4.500,2.250,0,elastic,5.75856e-04,-1.96292e-04,6.08392e-04,-142437.72
2250,29.500,4.500,2.250,0,elastic,1.89717e-04,-1.91200e-04,2.69351e-04,-141773.48
2251,20.500,0.500,2.750,5,shear-n tension-n,5.44783e-03,-1.20138e-03,5.57873e-03,-170063.78
2252,21.500,0.500,2.750,4,tension-p,4.69996e-03,-8.79959e-04,4.78163e-03,-161857.22
2253,22.500,0.500,2.750,4,tension-p,3.97755e-03,-6.14751e-04,4.02477e-03,-154385.94
2254,23.500,0.500,2.750,4,tension-p,3.30156e-03,-4.18780e-04,3.32801e-03,-147877.13
2255,24.500,0.500,2.750,4,tension-p,2.67709e-03,-2.85403e-04,2.69226e-03,-142576.30
2256,25.500,0.500,2.750,0,elastic,2.10547e-03,-2.03244e-04,2.11526e-03,-138533.29
2257,26.500,0.500,2.750,0,elastic,1.58232e-03,-1.57803e-04,1.59017e-03,-135495.66
2258,27.500,0.500,2.750,0,elastic,1.09963e-03,-1.35777e-04,1.10798e-03,-133366.85
2259,28.500,0.500,2.750,0,elastic,6.47332e-04,-1.26600e-04,6.59595e-04,-132046.83
2260,29.500,0.500,2.750,0,elastic,2.13699e-04,-1.23587e-04,2.46862e-04,-131418.40
2261,20.500,1.500,2.750,5,shear-n tension-n,5.44781e-03,-1.20141e-03,5.57871e-03,-170069.55
2262,21.500,1.500,2.750,4,tension-p,4.69989e-03,-8.79988e-04,4.78156e-03,-161859.63
2263,22.500,1.500,2.750,4,tension-p,3.97747e-03,-6.14693e-04,4.02469e-03,-154388.34
2264,23.500,1.500,2.750,4,tension-p,3.30149e-03,-4.18666e-04,3.32793e-03,-147879.48
2265,24.500,1.500,2.750,4,tension-p,2.67702e-03,-2.85285e-04,2.69218e-03,-142579.53
2266,25.500,1.500,2.750,0,elastic,2.10543e-03,-2.03171e-04,2.11521e-03,-138534.66
2267,26.500,1.500,2.750,0,elastic,1.58230e-03,-1.57784e-04,1.59014e-03,-135494.78
2268,27.500,1.500,2.750,0,elastic,1.09961e-03,-1.35782e-04,1.10797e-03,-133365.24
2269,28.500,1.500,2.750,0,elastic,6.47327e-04,-1.26609e-04,6.59592e-04,-132045.21
2270,29.500,1.500,2.750,0,elastic,2.13698e-04,-1.23597e-04,2.46866e-04,-131416.44
2271,20.500,2.500,2.750,5,shear-n tension-n,5.44771e-03,-1.20147e-03,5.57863e-03,-170058.43
2272,21.500,2.500,2.750,4,tension-p,4.69977e-03,-8.80056e-04,4.78146e-03,-161849.88
2273,22.500,2.500,2.750,4,tension-p,3.97735e-03,-6.14615e-04,4.02456e-03,-154392.43
2274,23.500,2.500,2.750,4,tension-p,3.30139e-03,-4.18508e-04,3.32782e-03,-147883.32
2275,24.500,2.500,2.750,4,tension-p,2.67695e-03,-2.85150e-04,2.69210e-03,-142581.79
2276,25.500,2.500,2.750,0,elastic,2.10537e-03,-2.03072e-04,2.11515e-03,-138535.75
2277,26.500,2.500,2.750,0,elastic,1.58227e-03,-1.57709e-04,1.59011e-03,-135495.40
2278,27.500,2.500,2.750,0,elastic,1.09960e-03,-1.35718e-04,1.10794e-03,-133365.80
2279,28.500,2.500,2.750,0,elastic,6.47315e-04,-1.26529e-04,6.59565e-04,-132046.52
2280,29.500,2.500,2.750,0,elastic,2.13691e-04,-1.23481e-04,2.46802e-04,-131419.42
2281,20.500,3.500,2.750,4,tension-p,5.44750e-03,-1.20112e-03,5.57835e-03,-170070.13
2282,21.500,3.500,2.750,4,tension-p,4.69963e-03,-8.79841e-04,4.78128e-03,-161849.36
2283,22.500,3.500,2.750,4,tension-p,3.97727e-03,-6.14482e-04,4.02446e-03,-154386.56
2284,23.500,3.500,2.750,4,tension-p,3.30135e-03,-4.18386e-04,3.32776e-03,-147884.79
2285,24.500,3.500,2.750,4,tension-p,2.67692e-03,-2.85060e-04,2.69206e-03,-142581.32
2286,25.500,3.500,2.750,0,elastic,2.10535e-03,-2.02971e-04,2.11511e-03,-138536.91
2287,26.500,3.500,2.750,0,elastic,1.58226e-03,-1.57594e-04,1.59009e-03,-135497.81
2288,27.500,3.500,2.750,0,elastic,1.09960e-03,-1.35604e-04,1.10793e-03,-133368.27
2289,28.500,3.500,2.750,0,elastic,6.47308e-04,-1.26416e-04,6.59537e-04,-132048.89
2290,29.500,3.500,2.750,0,elastic,2.13685e-04,-1.23351e-04,2.46732e-04,-131422.70
2291,20.500,4.500,2.750,4,tension-p,5.44747e-03,-1.20059e-03,5.57820e-03,-170078.94
2292,21.500,4.500,2.750,4,tension-p,4.69959e-03,-8.79403e-04,4.78116e-03,-161855.64
2293,22.500,4.500,2.750,4,tension-p,3.97728e-03,-6.14273e-04,4.02444e-03,-154392.22
2294,23.500,4.500,2.750,4,tension-p,3.30137e-03,-4.18288e-04,3.32776e-03,-147885.22
2295,24.500,4.500,2.750,4,tension-p,2.67693e-03,-2.84996e-04,2.69205e-03,-142581.54
2296,25.500,4.500,2.750,0,elastic,2.10535e-03,-2.02896e-04,2.11510e-03,-138538.12
2297,26.500,4.500,2.750,0,elastic,1.58226e-03,-1.57512e-04,1.59008e-03,-135499.37
2298,27.500,4.500,2.750,0,elastic,1.09960e-03,-1.35535e-04,1.10792e-03,-133369.49
2299,28.500,4.500,2.750,0,elastic,6.47316e-04,-1.26378e-04,6.59538e-04,-132048.68
2300,29.500,4.500,2.750,0,elastic,2.13689e-04,-1.23344e-04,2.46732e-04,-131420.61
2301,20.500,0.500,3.250,5,shear-n tension-n,5.75180e-03,-1.13393e-03,5.86251e-03,-160382.93
2302,21.500,0.500,3.250,4,tension-p,4.96805e-03,-7.88941e-04,5.03030e-03,-151432.65
2303,22.500,0.500,3.250,4,tension-p,4.21809e-03,-5.12796e-04,4.24915e-03,-143645.23
2304,23.500,0.500,3.250,4,tension-p,3.51528e-03,-3.11893e-04,3.52909e-03,-137243.48
2305,24.500,0.500,3.250,0,elastic,2.86525e-03,-1.80596e-04,2.87094e-03,-132099.55
2306,25.500,0.500,3.250,0,elastic,2.26656e-03,-1.03717e-04,2.26893e-03,-128079.24
2307,26.500,0.500,3.250,0,elastic,1.71281e-03,-6.38356e-05,1.71400e-03,-125146.87
2308,27.500,0.500,3.250,0,elastic,1.19579e-03,-4.65683e-05,1.19670e-03,-123126.18
2309,28.500,0.500,3.250,0,elastic,7.06165e-04,-4.10095e-05,7.07354e-04,-121874.54
2310,29.500,0.500,3.250,0,elastic,2.33480e-04,-3.99422e-05,2.36872e-04,-121282.57
2311,20.500,1.500,3.250,5,shear-n tension-n,5.75183e-03,-1.13397e-03,5.86254e-03,-160384.71
2312,21.500,1.500,3.250,4,tension-p,4.96802e-03,-7.88971e-04,5.03028e-03,-151434.84
2313,22.500,1.500,3.250,4,tension-p,4.21804e-03,-5.12751e-04,4.24909e-03,-143646.52
2314,23.500,1.500,3.250,4,tension-p,3.51523e-03,-3.11811e-04,3.52903e-03,-137245.38
2315,24.500,1.500,3.250,0,elastic,2.86521e-03,-1.80512e-04,2.87089e-03,-132101.48
2316,25.500,1.500,3.250,0,elastic,2.26654e-03,-1.03658e-04,2.26891e-03,-128080.32
2317,26.500,1.500,3.250,0,elastic,1.71280e-03,-6.38051e-05,1.71398e-03,-125146.73
2318,27.500,1.500,3.250,0,elastic,1.19579e-03,-4.65550e-05,1.19669e-03,-123125.58
2319,28.500,1.500,3.250,0,elastic,7.06162e-04,-4.09990e-05,7.07351e-04,-121873.92
2320,29.500,1.500,3.250,0,elastic,2.33479e-04,-3.99285e-05,2.36869e-04,-121281.76
2321,20.500,2.500,3.250,5,shear-n tension-n,5.75176e-03,-1.13396e-03,5.86247e-03,-160381.72
2322,21.500,2.500,3.250,4,tension-p,4.96793e-03,-7.88968e-04,5.03019e-03,-151429.21
2323,22.500,2.500,3.250,4,tension-p,4.21795e-03,-5.12696e-04,4.24899e-03,-143645.29
2324,23.500,2.500,3.250,4,tension-p,3.51516e-03,-3.11699e-04,3.52896e-03,-137247.69
2325,24.500,2.500,3.250,0,elastic,2.86517e-03,-1.80401e-04,2.87084e-03,-132103.39
2326,25.500,2.500,3.250,0,elastic,2.26651e-03,-1.03571e-04,2.26888e-03,-128081.56
2327,26.500,2.500,3.250,0,elastic,1.71278e-03,-6.37382e-05,1.71397e-03,-125147.43
2328,27.500,2.500,3.250,0,elastic,1.19578e-03,-4.64965e-05,1.19668e-03,-123126.23
2329,28.500,2.500,3.250,0,elastic,7.06156e-04,-4.09332e-05,7.07342e-04,-121875.06
2330,29.500,2.500,3.250,0,elastic,2.33475e-04,-3.98460e-05,2.36851e-04,-121283.42
2331,20.500,3.500,3.250,4,tension-p,5.75164e-03,-1.13369e-03,5.86230e-03,-160383.72
2332,21.500,3.500,3.250,4,tension-p,4.96785e-03,-7.88771e-04,5.03007e-03,-151429.73
2333,22.500,3.500,3.250,4,tension-p,4.21789e-03,-5.12569e-04,4.24892e-03,-143645.52
2334,23.500,3.500,3.250,4,tension-p,3.51512e-03,-3.11594e-04,3.52891e-03,-137248.74
2335,24.500,3.500,3.250,0,elastic,2.86514e-03,-1.80310e-04,2.87081e-03,-132104.24
2336,25.500,3.500,3.250,0,elastic,2.26649e-03,-1.03486e-04,2.26885e-03,-128082.62
2337,26.500,3.500,3.250,0,elastic,1.71277e-03,-6.36511e-05,1.71395e-03,-125149.04
2338,27.500,3.500,3.250,0,elastic,1.19578e-03,-4.64102e-05,1.19668e-03,-123127.80
2339,28.500,3.500,3.250,0,elastic,7.06152e-04,-4.08464e-05,7.07332e-04,-121876.73
2340,29.500,3.500,3.250,0,elastic,2.33472e-04,-3.97531e-05,2.36832e-04,-121285.38
2341,20.500,4.500,3.250,4,tension-p,5.75159e-03,-1.13335e-03,5.86219e-03,-160399.63
2342,21.500,4.500,3.250,4,tension-p,4.96783e-03,-7.88526e-04,5.03002e-03,-151435.12
2343,22.500,4.500,3.250,4,tension-p,4.21788e-03,-5.12407e-04,4.24889e-03,-143647.90
2344,23.500,4.500,3.250,4,tension-p,3.51512e-03,-3.11506e-04,3.52890e-03,-137250.19
2345,24.500,4.500,3.250,0,elastic,2.86514e-03,-1.80249e-04,2.87080e-03,-132104.75
2346,25.500,4.500,3.250,0,elastic,2.26648e-03,-1.03424e-04,2.26884e-03,-128083.38
2347,26.500,4.500,3.250,0,elastic,1.71276e-03,-6.35870e-05,1.71394e-03,-125150.14
2348,27.500,4.500,3.250,0,elastic,1.19578e-03,-4.63545e-05,1.19668e-03,-123128.53
2349,28.500,4.500,3.250,0,elastic,7.06156e-04,-4.08045e-05,7.07334e-04,-121876.92
2350,29.500,4.500,3.250,0,elastic,2.33473e-04,-3.97239e-05,2.36828e-04,-121284.98
2351,20.500,0.500,3.750,4,tension-p,5.98725e-03,-1.03788e-03,6.07654e-03,-150260.27
2352,21.500,0.500,3.750,4,tension-p,5.17572e-03,-6.72347e-04,5.21920e-03,-140826.89
2353,22.500,0.500,3.750,4,tension-p,4.40294e-03,-3.88138e-04,4.42001e-03,-133039.12
2354,23.500,0.500,3.750,0,elastic,3.68179e-03,-1.89408e-04,3.68666e-03,-126659.62
2355,24.500,0.500,3.750,0,elastic,3.01431e-03,-6.39237e-05,3.01499e-03,-121572.62
2356,25.500,0.500,3.750,0,elastic,2.39511e-03,7.43729e-06,2.39512e-03,-117732.30
2357,26.500,0.500,3.750,0,elastic,1.81725e-03,4.21530e-05,1.81774e-03,-114954.23
2358,27.500,0.500,3.750,0,elastic,1.27293e-03,5.49833e-05,1.27412e-03,-113065.57
2359,28.500,0.500,3.750,0,elastic,7.53498e-04,5.72199e-05,7.55668e-04,-111905.16
2360,29.500,0.500,3.750,0,elastic,2.49432e-04,5.64732e-05,2.55745e-04,-111358.42
2361,20.500,1.500,3.750,4,tension-p,5.98723e-03,-1.03784e-03,6.07651e-03,-150254.13
2362,21.500,1.500,3.750,4,tension-p,5.17567e-03,-6.72306e-04,5.21916e-03,-140827.17
2363,22.500,1.500,3.750,4,tension-p,4.40289e-03,-3.88097e-04,4.41996e-03,-133039.86
2364,23.500,1.500,3.750,0,elastic,3.68175e-03,-1.89347e-04,3.68661e-03,-126660.57
2365,24.500,1.500,3.750,0,elastic,3.01428e-03,-6.38618e-05,3.01496e-03,-121573.72
2366,25.500,1.500,3.750,0,elastic,2.39510e-03,7.48595e-06,2.39511e-03,-117732.98
2367,26.500,1.500,3.750,0,elastic,1.81724e-03,4.21849e-05,1.81773e-03,-114954.60
2368,27.500,1.500,3.750,0,elastic,1.27293e-03,5.50036e-05,1.27412e-03,-113065.51
2369,28.500,1.500,3.750,0,elastic,7.53498e-04,5.72387e-05,7.55669e-04,-111905.03
2370,29.500,1.500,3.750,0,elastic,2.49431e-04,5.64966e-05,2.55750e-04,-111358.25
2371,20.500,2.500,3.750,4,tension-p,5.98714e-03,-1.03777e-03,6.07642e-03,-150256.10
2372,21.500,2.500,3.750,4,tension-p,5.17560e-03,-6.72260e-04,5.21908e-03,-140825.53
2373,22.500,2.500,3.750,4,tension-p,4.40283e-03,-3.88029e-04,4.41989e-03,-133039.11
2374,23.500,2.500,3.750,0,elastic,3.68170e-03,-1.89261e-04,3.68656e-03,-126661.82
2375,24.500,2.500,3.750,0,elastic,3.01425e-03,-6.37736e-05,3.01492e-03,-121575.14
2376,25.500,2.500,3.750,0,elastic,2.39508e-03,7.55882e-06,2.39509e-03,-117734.02
2377,26.500,2.500,3.750,0,elastic,1.81723e-03,4.22429e-05,1.81772e-03,-114955.24
2378,27.500,2.500,3.750,0,elastic,1.27293e-03,5.50550e-05,1.27412e-03,-113066.00
2379,28.500,2.500,3.750,0,elastic,7.53497e-04,5.72931e-05,7.55672e-04,-111905.84
2380,29.500,2.500,3.750,0,elastic,2.49430e-04,5.65598e-05,2.55762e-04,-111359.24
2381,20.500,3.500,3.750,4,tension-p,5.98704e-03,-1.03756e-03,6.07628e-03,-150264.76
2382,21.500,3.500,3.750,4,tension-p,5.17553e-03,-6.72103e-04,5.21899e-03,-140829.73
2383,22.500,3.500,3.750,4,tension-p,4.40277e-03,-3.87912e-04,4.41983e-03,-133040.15
2384,23.500,3.500,3.750,0,elastic,3.68166e-03,-1.89170e-04,3.68651e-03,-126662.67
2385,24.500,3.500,3.750,0,elastic,3.01423e-03,-6.36928e-05,3.01490e-03,-121576.22
2386,25.500,3.500,3.750,0,elastic,2.39506e-03,7.63050e-06,2.39508e-03,-117735.05
2387,26.500,3.500,3.750,0,elastic,1.81722e-03,4.23104e-05,1.81771e-03,-114956.21
2388,27.500,3.500,3.750,0,elastic,1.27293e-03,5.51216e-05,1.27412e-03,-113067.22
2389,28.500,3.500,3.750,0,elastic,7.53494e-04,5.73602e-05,7.55674e-04,-111907.13
2390,29.500,3.500,3.750,0,elastic,2.49428e-04,5.66301e-05,2.55775e-04,-111360.33
2391,20.500,4.500,3.750,4,tension-p,5.98700e-03,-1.03739e-03,6.07621e-03,-150261.13
2392,21.500,4.500,3.750,4,tension-p,5.17551e-03,-6.71999e-04,5.21896e-03,-140827.49
2393,22.500,4.500,3.750,4,tension-p,4.40275e-03,-3.87796e-04,4.41979e-03,-133044.24
2394,23.500,4.500,3.750,0,elastic,3.68165e-03,-1.89098e-04,3.68650e-03,-126663.72
2395,24.500,4.500,3.750,0,elastic,3.01422e-03,-6.36395e-05,3.01489e-03,-121576.89
2396,25.500,4.500,3.750,0,elastic,2.39506e-03,7.68110e-06,2.39507e-03,-117735.77
2397,26.500,4.500,3.750,0,elastic,1.81722e-03,4.23607e-05,1.81771e-03,-114957.07
2398,27.500,4.500,3.750,0,elastic,1.27293e-03,5.51666e-05,1.27412e-03,-113067.85
2399,28.500,4.500,3.750,0,elastic,7.53496e-04,5.73991e-05,7.55679e-04,-111907.66
2400,29.500,4.500,3.750,0,elastic,2.49428e-04,5.66636e-05,2.55783e-04,-111360.49
2401,20.500,0.500,4.250,4,tension-p,6.16044e-03,-9.17220e-04,6.22835e-03,-139851.74
2402,21.500,0.500,4.250,4,tension-p,5.32783e-03,-5.34578e-04,5.35458e-03,-130249.05
2403,22.500,0.500,4.250,0,elastic,4.54027e-03,-2.49435e-04,4.54711e-03,-122351.89
2404,23.500,0.500,4.250,0,elastic,3.80814e-03,-5.69769e-05,3.80856e-03,-116015.11
2405,24.500,0.500,4.250,0,elastic,3.12831e-03,6.24037e-05,3.12893e-03,-111120.00
2406,25.500,0.500,4.250,0,elastic,2.49405e-03,1.28094e-04,2.49734e-03,-107489.55
2407,26.500,0.500,4.250,0,elastic,1.89816e-03,1.57757e-04,1.90470e-03,-104910.04
2408,27.500,0.500,4.250,0,elastic,1.33301e-03,1.66315e-04,1.34334e-03,-103179.97
2409,28.500,0.500,4.250,0,elastic,7.90497e-04,1.65385e-04,8.07612e-04,-102129.63
2410,29.500,0.500,4.250,0,elastic,2.61927e-04,1.62921e-04,3.08463e-04,-101637.50
2411,20.500,1.500,4.250,4,tension-p,6.16038e-03,-9.17099e-04,6.22827e-03,-139855.50
2412,21.500,1.500,4.250,4,tension-p,5.32777e-03,-5.34479e-04,5.35451e-03,-130251.83
2413,22.500,1.500,4.250,0,elastic,4.54023e-03,-2.49391e-04,4.54707e-03,-122351.43
2414,23.500,1.500,4.250,0,elastic,3.80809e-03,-5.69286e-05,3.80852e-03,-116015.77
2415,24.500,1.500,4.250,0,elastic,3.12828e-03,6.24501e-05,3.12890e-03,-111120.94
2416,25.500,1.500,4.250,0,elastic,2.49403e-03,1.28133e-04,2.49732e-03,-107490.12
2417,26.500,1.500,4.250,0,elastic,1.89815e-03,1.57786e-04,1.90470e-03,-104910.33
2418,27.500,1.500,4.250,0,elastic,1.33301e-03,1.66336e-04,1.34335e-03,-103180.21
2419,28.500,1.500,4.250,0,elastic,7.90498e-04,1.65406e-04,8.07618e-04,-102129.80
2420,29.500,1.500,4.250,0,elastic,2.61928e-04,1.62947e-04,3.08477e-04,-101637.55
2421,20.500,2.500,4.250,4,tension-p,6.16029e-03,-9.16980e-04,6.22816e-03,-139855.82
2422,21.500,2.500,4.250,4,tension-p,5.32771e-03,-5.34406e-04,5.35444e-03,-130248.74
2423,22.500,2.500,4.250,0,elastic,4.54018e-03,-2.49316e-04,4.54702e-03,-122351.25
2424,23.500,2.500,4.250,0,elastic,3.80806e-03,-5.68580e-05,3.80848e-03,-116016.51
2425,24.500,2.500,4.250,0,elastic,3.12825e-03,6.25195e-05,3.12888e-03,-111122.08
2426,25.500,2.500,4.250,0,elastic,2.49402e-03,1.28193e-04,2.49731e-03,-107491.11
2427,26.500,2.500,4.250,0,elastic,1.89814e-03,1.57834e-04,1.90470e-03,-104911.01
2428,27.500,2.500,4.250,0,elastic,1.33300e-03,1.66379e-04,1.34335e-03,-103180.79
2429,28.500,2.500,4.250,0,elastic,7.90496e-04,1.65451e-04,8.07625e-04,-102130.36
2430,29.500,2.500,4.250,0,elastic,2.61927e-04,1.62998e-04,3.08503e-04,-101638.32
2431,20.500,3.500,4.250,4,tension-p,6.16019e-03,-9.16839e-04,6.22804e-03,-139856.21
2432,21.500,3.500,4.250,4,tension-p,5.32764e-03,-5.34299e-04,5.35436e-03,-130249.33
2433,22.500,3.500,4.250,0,elastic,4.54013e-03,-2.49219e-04,4.54697e-03,-122352.66
2434,23.500,3.500,4.250,0,elastic,3.80803e-03,-5.67807e-05,3.80845e-03,-116017.41
2435,24.500,3.500,4.250,0,elastic,3.12824e-03,6.25859e-05,3.12887e-03,-111122.97
2436,25.500,3.500,4.250,0,elastic,2.49402e-03,1.28252e-04,2.49731e-03,-107492.13
2437,26.500,3.500,4.250,0,elastic,1.89814e-03,1.57887e-04,1.90470e-03,-104911.93
2438,27.500,3.500,4.250,0,elastic,1.33300e-03,1.66430e-04,1.34335e-03,-103181.72
2439,28.500,3.500,4.250,0,elastic,7.90496e-04,1.65503e-04,8.07636e-04,-102131.36
2440,29.500,3.500,4.250,0,elastic,2.61926e-04,1.63054e-04,3.08531e-04,-101639.11
2441,20.500,4.500,4.250,4,tension-p,6.16012e-03,-9.16709e-04,6.22796e-03,-139858.86
2442,21.500,4.500,4.250,4,tension-p,5.32759e-03,-5.34212e-04,5.35431e-03,-130250.82
2443,22.500,4.500,4.250,0,elastic,4.54010e-03,-2.49146e-04,4.54693e-03,-122353.84
2444,23.500,4.500,4.250,0,elastic,3.80802e-03,-5.67251e-05,3.80844e-03,-116018.47
2445,24.500,4.500,4.250,0,elastic,3.12823e-03,6.26298e-05,3.12886e-03,-111123.65
2446,25.500,4.500,4.250,0,elastic,2.49401e-03,1.28292e-04,2.49730e-03,-107492.73
2447,26.500,4.500,4.250,0,elastic,1.89813e-03,1.57927e-04,1.90469e-03,-104912.49
2448,27.500,4.500,4.250,0,elastic,1.33300e-03,1.66466e-04,1.34336e-03,-103182.06
2449,28.500,4.500,4.250,0,elastic,7.90497e-04,1.65536e-04,8.07643e-04,-102131.87
2450,29.500,4.500,4.250,0,elastic,2.61926e-04,1.63086e-04,3.08548e-04,-101639.33
2451,20.500,0.500,4.750,4,tension-p,6.27630e-03,-7.75622e-04,6.32405e-03,-129443.31
2452,21.500,0.500,4.750,0,elastic,5.42978e-03,-3.81860e-04,5.44319e-03,-119531.17
2453,22.500,0.500,4.750,0,elastic,4.63495e-03,-1.01359e-04,4.63605e-03,-111585.66
2454,23.500,0.500,4.750,0,elastic,3.89706e-03,8.38253e-05,3.89797e-03,-105383.24
2455,24.500,0.500,4.750,0,elastic,3.21003e-03,1.96428e-04,3.21603e-03,-100731.03
2456,25.500,0.500,4.750,0,elastic,2.56619e-03,2.56196e-04,2.57894e-03,-97355.86
2457,26.500,0.500,4.750,0,elastic,1.95795e-03,2.80753e-04,1.97798e-03,-95010.19
2458,27.500,0.500,4.750,0,elastic,1.37786e-03,2.85096e-04,1.40704e-03,-93465.38
2459,28.500,0.500,4.750,0,elastic,8.18303e-04,2.81072e-04,8.65229e-04,-92540.98
2460,29.500,0.500,4.750,0,elastic,2.71349e-04,2.76943e-04,3.87722e-04,-92112.14
2461,20.500,1.500,4.750,4,tension-p,6.27625e-03,-7.75504e-04,6.32398e-03,-129444.69
2462,21.500,1.500,4.750,0,elastic,5.42974e-03,-3.81777e-04,5.44315e-03,-119531.85
2463,22.500,1.500,4.750,0,elastic,4.63491e-03,-1.01309e-04,4.63602e-03,-111585.58
2464,23.500,1.500,4.750,0,elastic,3.89703e-03,8.38650e-05,3.89793e-03,-105383.73
2465,24.500,1.500,4.750,0,elastic,3.21000e-03,1.96463e-04,3.21600e-03,-100731.73
2466,25.500,1.500,4.750,0,elastic,2.56616e-03,2.56227e-04,2.57892e-03,-97356.30
2467,26.500,1.500,4.750,0,elastic,1.95794e-03,2.80777e-04,1.97797e-03,-95010.33
2468,27.500,1.500,4.750,0,elastic,1.37786e-03,2.85115e-04,1.40705e-03,-93465.57
2469,28.500,1.500,4.750,0,elastic,8.18303e-04,2.81092e-04,8.65235e-04,-92541.13
2470,29.500,1.500,4.750,0,elastic,2.71349e-04,2.76968e-04,3.87739e-04,-92112.34
2471,20.500,2.500,4.750,4,tension-p,6.27617e-03,-7.75377e-04,6.32388e-03,-129444.80
2472,21.500,2.500,4.750,0,elastic,5.42968e-03,-3.81681e-04,5.44307e-03,-119531.13
2473,22.500,2.500,4.750,0,elastic,4.63487e-03,-1.01234e-04,4.63597e-03,-111585.60
2474,23.500,2.500,4.750,0,elastic,3.89700e-03,8.39250e-05,3.89790e-03,-105384.48
2475,24.500,2.500,4.750,0,elastic,3.20998e-03,1.96517e-04,3.21599e-03,-100732.75
2476,25.500,2.500,4.750,0,elastic,2.56615e-03,2.56274e-04,2.57892e-03,-97357.27
2477,26.500,2.500,4.750,0,elastic,1.95794e-03,2.80816e-04,1.97797e-03,-95011.04
2478,27.500,2.500,4.750,0,elastic,1.37785e-03,2.85151e-04,1.40705e-03,-93466.04
2479,28.500,2.500,4.750,0,elastic,8.18301e-04,2.81131e-04,8.65246e-04,-92541.58
2480,29.500,2.500,4.750,0,elastic,2.71348e-04,2.77010e-04,3.87768e-04,-92112.79
2481,20.500,3.500,4.750,4,tension-p,6.27607e-03,-7.75256e-04,6.32377e-03,-129445.75
2482,21.500,3.500,4.750,0,elastic,5.42961e-03,-3.81591e-04,5.44300e-03,-119531.47
2483,22.500,3.500,4.750,0,elastic,4.63483e-03,-1.01160e-04,4.63593e-03,-111586.74
2484,23.500,3.500,4.750,0,elastic,3.89698e-03,8.39866e-05,3.89789e-03,-105385.70
2485,24.500,3.500,4.750,0,elastic,3.20997e-03,1.96570e-04,3.21598e-03,-100733.42
2486,25.500,3.500,4.750,0,elastic,2.56615e-03,2.56320e-04,2.57892e-03,-97358.12
2487,26.500,3.500,4.750,0,elastic,1.95794e-03,2.80856e-04,1.97798e-03,-95011.99
2488,27.500,3.500,4.750,0,elastic,1.37785e-03,2.85189e-04,1.40706e-03,-93466.62
2489,28.500,3.500,4.750,0,elastic,8.18303e-04,2.81172e-04,8.65261e-04,-92542.25
2490,29.500,3.500,4.750,0,elastic,2.71348e-04,2.77055e-04,3.87801e-04,-92113.44
2491,20.500,4.500,4.750,4,tension-p,6.27599e-03,-7.75163e-04,6.32368e-03,-129446.47
2492,21.500,4.500,4.750,0,elastic,5.42956e-03,-3.81528e-04,5.44294e-03,-119532.25
2493,22.500,4.500,4.750,0,elastic,4.63480e-03,-1.01106e-04,4.63590e-03,-111587.26
2494,23.500,4.500,4.750,0,elastic,3.89697e-03,8.40297e-05,3.89787e-03,-105386.02
2495,24.500,4.500,4.750,0,elastic,3.20996e-03,1.96606e-04,3.21598e-03,-100733.97
2496,25.500,4.500,4.750,0,elastic,2.56614e-03,2.56353e-04,2.57892e-03,-97358.49
2497,26.500,4.500,4.750,0,elastic,1.95793e-03,2.80887e-04,1.97798e-03,-95012.70
2498,27.500,4.500,4.750,0,elastic,1.37785e-03,2.85218e-04,1.40706e-03,-93467.18
2499,28.500,4.500,4.750,0,elastic,8.18300e-04,2.81199e-04,8.65268e-04,-92542.69
2500,29.500,4.500,4.750,0,elastic,2.71347e-04,2.77083e-04,3.87820e-04,-92113.73
2501,20.500,0.500,5.250,4,tension-p,6.33859e-03,-6.17715e-04,6.36862e-03,-118849.32
2502,21.500,0.500,5.250,0,elastic,5.48468e-03,-2.18349e-04,5.48902e-03,-108623.22
2503,22.500,0.500,5.250,0,elastic,4.68888e-03,5.43512e-05,4.68920e-03,-100744.28
2504,23.500,0.500,5.250,0,elastic,3.95098e-03,2.31002e-04,3.95773e-03,-94779.94
2505,24.500,0.500,5.250,0,elastic,3.26225e-03,3.36187e-04,3.27953e-03,-90406.55
2506,25.500,0.500,5.250,0,elastic,2.61419e-03,3.89728e-04,2.64308e-03,-87334.62
2507,26.500,0.500,5.250,0,elastic,1.99898e-03,4.09086e-04,2.04041e-03,-85255.61
2508,27.500,0.500,5.250,0,elastic,1.40930e-03,4.09226e-04,1.46751e-03,-83917.49
2509,28.500,0.500,5.250,0,elastic,8.38051e-04,4.02136e-04,9.29540e-04,-83132.57
2510,29.500,0.500,5.250,0,elastic,2.78082e-04,3.96357e-04,4.84178e-04,-82774.18
2511,20.500,1.500,5.250,4,tension-p,6.33854e-03,-6.17608e-04,6.36856e-03,-118849.84
2512,21.500,1.500,5.250,0,elastic,5.48464e-03,-2.18273e-04,5.48898e-03,-108623.67
2513,22.500,1.500,5.250,0,elastic,4.68886e-03,5.44011e-05,4.68918e-03,-100744.11
2514,23.500,1.500,5.250,0,elastic,3.95096e-03,2.31036e-04,3.95771e-03,-94780.59
2515,24.500,1.500,5.250,0,elastic,3.26222e-03,3.36215e-04,3.27950e-03,-90406.88
2516,25.500,1.500,5.250,0,elastic,2.61416e-03,3.89753e-04,2.64306e-03,-87334.96
2517,26.500,1.500,5.250,0,elastic,1.99897e-03,4.09106e-04,2.04041e-03,-85255.79
2518,27.500,1.500,5.250,0,elastic,1.40929e-03,4.09241e-04,1.46751e-03,-83917.80
2519,28.500,1.500,5.250,0,elastic,8.38050e-04,4.02155e-04,9.29546e-04,-83132.77
2520,29.500,1.500,5.250,0,elastic,2.78081e-04,3.96379e-04,4.84196e-04,-82774.35
2521,20.500,2.500,5.250,4,tension-p,6.33847e-03,-6.17483e-04,6.36848e-03,-118849.87
2522,21.500,2.500,5.250,0,elastic,5.48458e-03,-2.18172e-04,5.48892e-03,-108623.44
2523,22.500,2.500,5.250,0,elastic,4.68882e-03,5.44723e-05,4.68914e-03,-100744.11
2524,23.500,2.500,5.250,0,elastic,3.95094e-03,2.31086e-04,3.95769e-03,-94781.15
2525,24.500,2.500,5.250,0,elastic,3.26221e-03,3.36256e-04,3.27949e-03,-90407.46
2526,25.500,2.500,5.250,0,elastic,2.61415e-03,3.89787e-04,2.64305e-03,-87335.85
2527,26.500,2.500,5.250,0,elastic,1.99897e-03,4.09134e-04,2.04041e-03,-85256.56
2528,27.500,2.500,5.250,0,elastic,1.40929e-03,4.09271e-04,1.46751e-03,-83918.18
2529,28.500,2.500,5.250,0,elastic,8.38048e-04,4.02187e-04,9.29559e-04,-83133.17
2530,29.500,2.500,5.250,0,elastic,2.78080e-04,3.96415e-04,4.84224e-04,-82774.77
2531,20.500,3.500,5.250,4,tension-p,6.33838e-03,-6.17381e-04,6.36838e-03,-118850.51
2532,21.500,3.500,5.250,0,elastic,5.48452e-03,-2.18093e-04,5.48886e-03,-108623.77
2533,22.500,3.500,5.250,0,elastic,4.68878e-03,5.45289e-05,4.68910e-03,-100744.82
2534,23.500,3.500,5.250,0,elastic,3.95092e-03,2.31134e-04,3.95767e-03,-94781.69
2535,24.500,3.500,5.250,0,elastic,3.26220e-03,3.36297e-04,3.27949e-03,-90408.30
2536,25.500,3.500,5.250,0,elastic,2.61415e-03,3.89821e-04,2.64306e-03,-87336.62
2537,26.500,3.500,5.250,0,elastic,1.99897e-03,4.09163e-04,2.04041e-03,-85257.19
2538,27.500,3.500,5.250,0,elastic,1.40929e-03,4.09300e-04,1.46753e-03,-83918.60
2539,28.500,3.500,5.250,0,elastic,8.38050e-04,4.02220e-04,9.29575e-04,-83133.79
2540,29.500,3.500,5.250,0,elastic,2.78080e-04,3.96452e-04,4.84254e-04,-82775.33
2541,20.500,4.500,5.250,4,tension-p,6.33830e-03,-6.17312e-04,6.36829e-03,-118851.35
2542,21.500,4.500,5.250,0,elastic,5.48447e-03,-2.18043e-04,5.48880e-03,-108624.13
2543,22.500,4.500,5.250,0,elastic,4.68875e-03,5.45709e-05,4.68907e-03,-100745.25
2544,23.500,4.500,5.250,0,elastic,3.95090e-03,2.31168e-04,3.95766e-03,-94782.19
2545,24.500,4.500,5.250,0,elastic,3.26220e-03,3.36325e-04,3.27949e-03,-90408.95
2546,25.500,4.500,5.250,0,elastic,2.61415e-03,3.89846e-04,2.64306e-03,-87337.17
2547,26.500,4.500,5.250,0,elastic,1.99896e-03,4.09187e-04,2.04042e-03,-85257.60
2548,27.500,4.500,5.250,0,elastic,1.40929e-03,4.09322e-04,1.46753e-03,-83918.91
2549,28.500,4.500,5.250,0,elastic,8.38047e-04,4.02242e-04,9.29581e-04,-83134.19
2550,29.500,4.500,5.250,0,elastic,2.78078e-04,3.96476e-04,4.84273e-04,-82775.53
2551,20.500,0.500,5.750,4,tension-p,6.34592e-03,-4.46230e-04,6.36159e-03,-108043.15
2552,21.500,0.500,5.750,0,elastic,5.49309e-03,-4.62859e-05,5.49328e-03,-97554.75
2553,22.500,0.500,5.750,0,elastic,4.70408e-03,2.15443e-04,4.70901e-03,-89899.59
2554,23.500,0.500,5.750,0,elastic,3.97266e-03,3.82375e-04,3.99102e-03,-84189.79
2555,24.500,0.500,5.750,0,elastic,3.28774e-03,4.79690e-04,3.32255e-03,-80153.98
2556,25.500,0.500,5.750,0,elastic,2.64074e-03,5.26728e-04,2.69276e-03,-77434.28
2557,26.500,0.500,5.750,0,elastic,2.02363e-03,5.40853e-04,2.09466e-03,-75649.85
2558,27.500,0.500,5.750,0,elastic,1.42917e-03,5.36827e-04,1.52666e-03,-74534.08
2559,28.500,0.500,5.750,0,elastic,8.50901e-04,5.26693e-04,1.00072e-03,-73898.27
2560,29.500,0.500,5.750,0,elastic,2.82519e-04,5.19262e-04,5.91143e-04,-73614.61
2561,20.500,1.500,5.750,4,tension-p,6.34588e-03,-4.46128e-04,6.36154e-03,-108042.87
2562,21.500,1.500,5.750,0,elastic,5.49306e-03,-4.62149e-05,5.49326e-03,-97554.81
2563,22.500,1.500,5.750,0,elastic,4.70407e-03,2.15492e-04,4.70900e-03,-89899.53
2564,23.500,1.500,5.750,0,elastic,3.97264e-03,3.82405e-04,3.99100e-03,-84190.07
2565,24.500,1.500,5.750,0,elastic,3.28771e-03,4.79714e-04,3.32253e-03,-80154.46
2566,25.500,1.500,5.750,0,elastic,2.64072e-03,5.26747e-04,2.69275e-03,-77434.76
2567,26.500,1.500,5.750,0,elastic,2.02362e-03,5.40867e-04,2.09465e-03,-75650.04
2568,27.500,1.500,5.750,0,elastic,1.42916e-03,5.36840e-04,1.52667e-03,-74534.22
2569,28.500,1.500,5.750,0,elastic,8.50898e-04,5.26710e-04,1.00073e-03,-73898.37
2570,29.500,1.500,5.750,0,elastic,2.82518e-04,5.19281e-04,5.91159e-04,-73614.78
2571,20.500,2.500,5.750,4,tension-p,6.34580e-03,-4.46008e-04,6.36145e-03,-108042.92
2572,21.500,2.500,5.750,0,elastic,5.49301e-03,-4.61158e-05,5.49320e-03,-97554.83
2573,22.500,2.500,5.750,0,elastic,4.70403e-03,2.15560e-04,4.70897e-03,-89899.36
2574,23.500,2.500,5.750,0,elastic,3.97262e-03,3.82449e-04,3.99099e-03,-84190.46
2575,24.500,2.500,5.750,0,elastic,3.28770e-03,4.79745e-04,3.32252e-03,-80155.06
2576,25.500,2.500,5.750,0,elastic,2.64071e-03,5.26770e-04,2.69274e-03,-77435.35
2577,26.500,2.500,5.750,0,elastic,2.02361e-03,5.40886e-04,2.09465e-03,-75650.54
2578,27.500,2.500,5.750,0,elastic,1.42916e-03,5.36864e-04,1.52667e-03,-74534.60
2579,28.500,2.500,5.750,0,elastic,8.50896e-04,5.26738e-04,1.00074e-03,-73898.69
2580,29.500,2.500,5.750,0,elastic,2.82517e-04,5.19310e-04,5.91184e-04,-73615.21
2581,20.500,3.500,5.750,4,tension-p,6.34572e-03,-4.45922e-04,6.36137e-03,-108043.69
2582,21.500,3.500,5.750,0,elastic,5.49295e-03,-4.60450e-05,5.49315e-03,-97554.89
2583,22.500,3.500,5.750,0,elastic,4.70400e-03,2.15610e-04,4.70894e-03,-89899.32
2584,23.500,3.500,5.750,0,elastic,3.97260e-03,3.82489e-04,3.99097e-03,-84190.54
2585,24.500,3.500,5.750,0,elastic,3.28769e-03,4.79774e-04,3.32251e-03,-80155.89
2586,25.500,3.500,5.750,0,elastic,2.64071e-03,5.26791e-04,2.69274e-03,-77436.28
2587,26.500,3.500,5.750,0,elastic,2.02361e-03,5.40906e-04,2.09466e-03,-75651.36
2588,27.500,3.500,5.750,0,elastic,1.42916e-03,5.36885e-04,1.52668e-03,-74534.96
2589,28.500,3.500,5.750,0,elastic,8.50897e-04,5.26764e-04,1.00075e-03,-73899.19
2590,29.500,3.500,5.750,0,elastic,2.82516e-04,5.19341e-04,5.91211e-04,-73615.49
2591,20.500,4.500,5.750,4,tension-p,6.34565e-03,-4.45873e-04,6.36129e-03,-108044.61
2592,21.500,4.500,5.750,0,elastic,5.49290e-03,-4.60057e-05,5.49310e-03,-97555.51
2593,22.500,4.500,5.750,0,elastic,4.70397e-03,2.15641e-04,4.70891e-03,-89899.82
2594,23.500,4.500,5.750,0,elastic,3.97258e-03,3.82514e-04,3.99096e-03,-84190.90
2595,24.500,4.500,5.750,0,elastic,3.28768e-03,4.79793e-04,3.32251e-03,-80156.42
2596,25.500,4.500,5.750,0,elastic,2.64071e-03,5.26807e-04,2.69274e-03,-77436.71
2597,26.500,4.500,5.750,0,elastic,2.02361e-03,5.40922e-04,2.09466e-03,-75652.10
2598,27.500,4.500,5.750,0,elastic,1.42916e-03,5.36902e-04,1.52668e-03,-74535.35
2599,28.500,4.500,5.750,0,elastic,8.50892e-04,5.26782e-04,1.00076e-03,-73899.43
2600,29.500,4.500,5.750,0,elastic,2.82513e-04,5.19363e-04,5.91229e-04,-73615.62
2601,20.500,0.500,6.250,0,elastic,6.29318e-03,-2.63680e-04,6.29870e-03,-96888.23
2602,21.500,0.500,6.250,0,elastic,5.45613e-03,1.31638e-04,5.45772e-03,-86376.58
2603,22.500,0.500,6.250,0,elastic,4.68407e-03,3.78847e-04,4.69936e-03,-79070.45
2604,23.500,0.500,6.250,0,elastic,3.96497e-03,5.35959e-04,4.00103e-03,-73589.39
2605,24.500,0.500,6.250,0,elastic,3.28929e-03,6.24880e-04,3.34811e-03,-69992.53
2606,25.500,0.500,6.250,0,elastic,2.64864e-03,6.65280e-04,2.73092e-03,-67668.47
2607,26.500,0.500,6.250,0,elastic,2.03436e-03,6.74300e-04,2.14320e-03,-66198.21
2608,27.500,0.500,6.250,0,elastic,1.43939e-03,6.66251e-04,1.58611e-03,-65311.95
2609,28.500,0.500,6.250,0,elastic,8.58063e-04,6.53126e-04,1.07835e-03,-64829.25
2610,29.500,0.500,6.250,0,elastic,2.85076e-04,6.44042e-04,7.04314e-04,-64622.98
2611,20.500,1.500,6.250,0,elastic,6.29314e-03,-2.63580e-04,6.29866e-03,-96887.88
2612,21.500,1.500,6.250,0,elastic,5.45611e-03,1.31709e-04,5.45770e-03,-86375.74
2613,22.500,1.500,6.250,0,elastic,4.68406e-03,3.78898e-04,4.69936e-03,-79070.07
2614,23.500,1.500,6.250,0,elastic,3.96496e-03,5.35990e-04,4.00102e-03,-73589.26
2615,24.500,1.500,6.250,0,elastic,3.28927e-03,6.24898e-04,3.34810e-03,-69992.91
2616,25.500,1.500,6.250,0,elastic,2.64863e-03,6.65293e-04,2.73090e-03,-67668.88
2617,26.500,1.500,6.250,0,elastic,2.03435e-03,6.74309e-04,2.14320e-03,-66198.41
2618,27.500,1.500,6.250,0,elastic,1.43939e-03,6.66263e-04,1.58611e-03,-65312.02
2619,28.500,1.500,6.250,0,elastic,8.58060e-04,6.53142e-04,1.07836e-03,-64829.27
2620,29.500,1.500,6.250,0,elastic,2.85074e-04,6.44059e-04,7.04329e-04,-64623.08
2621,20.500,2.500,6.250,0,elastic,6.29306e-03,-2.63471e-04,6.29857e-03,-96888.28
2622,21.500,2.500,6.250,0,elastic,5.45605e-03,1.31801e-04,5.45765e-03,-86375.97
2623,22.500,2.500,6.250,0,elastic,4.68403e-03,3.78965e-04,4.69933e-03,-79069.91
2624,23.500,2.500,6.250,0,elastic,3.96494e-03,5.36028e-04,4.00101e-03,-73589.44
2625,24.500,2.500,6.250,0,elastic,3.28925e-03,6.24920e-04,3.34809e-03,-69993.67
2626,25.500,2.500,6.250,0,elastic,2.64862e-03,6.65305e-04,2.73090e-03,-67669.77
2627,26.500,2.500,6.250,0,elastic,2.03435e-03,6.74321e-04,2.14319e-03,-66198.84
2628,27.500,2.500,6.250,0,elastic,1.43939e-03,6.66282e-04,1.58612e-03,-65312.32
2629,28.500,2.500,6.250,0,elastic,8.58056e-04,6.53166e-04,1.07837e-03,-64829.49
2630,29.500,2.500,6.250,0,elastic,2.85073e-04,6.44084e-04,7.04351e-04,-64623.17
2631,20.500,3.500,6.250,0,elastic,6.29297e-03,-2.63401e-04,6.29848e-03,-96888.90
2632,21.500,3.500,6.250,0,elastic,5.45600e-03,1.31865e-04,5.45759e-03,-86375.90
2633,22.500,3.500,6.250,0,elastic,4.68399e-03,3.79009e-04,4.69930e-03,-79070.52
2634,23.500,3.500,6.250,0,elastic,3.96492e-03,5.36058e-04,4.00099e-03,-73590.28
2635,24.500,3.500,6.250,0,elastic,3.28925e-03,6.24937e-04,3.34809e-03,-69994.48
2636,25.500,3.500,6.250,0,elastic,2.64862e-03,6.65313e-04,2.73090e-03,-67670.52
2637,26.500,3.500,6.250,0,elastic,2.03435e-03,6.74330e-04,2.14320e-03,-66199.54
2638,27.500,3.500,6.250,0,elastic,1.43939e-03,6.66299e-04,1.58613e-03,-65312.52
2639,28.500,3.500,6.250,0,elastic,8.58055e-04,6.53189e-04,1.07838e-03,-64829.77
2640,29.500,3.500,6.250,0,elastic,2.85070e-04,6.44111e-04,7.04375e-04,-64623.43
2641,20.500,4.500,6.250,0,elastic,6.29290e-03,-2.63368e-04,6.29841e-03,-96889.65
2642,21.500,4.500,6.250,0,elastic,5.45594e-03,1.31897e-04,5.45753e-03,-86376.01
2643,22.500,4.500,6.250,0,elastic,4.68395e-03,3.79032e-04,4.69926e-03,-79070.88
2644,23.500,4.500,6.250,0,elastic,3.96489e-03,5.36076e-04,4.00096e-03,-73590.55
2645,24.500,4.500,6.250,0,elastic,3.28923e-03,6.24947e-04,3.34807e-03,-69995.05
2646,25.500,4.500,6.250,0,elastic,2.64861e-03,6.65320e-04,2.73090e-03,-67670.86
2647,26.500,4.500,6.250,0,elastic,2.03435e-03,6.74338e-04,2.14320e-03,-66200.33
2648,27.500,4.500,6.250,0,elastic,1.43938e-03,6.66309e-04,1.58612e-03,-65312.88
2649,28.500,4.500,6.250,0,elastic,8.58048e-04,6.53204e-04,1.07839e-03,-64829.92
2650,29.500,4.500,6.250,0,elastic,2.85067e-04,6.44130e-04,7.04391e-04,-64623.47
2651,20.500,0.500,6.750,0,elastic,6.18080e-03,-6.86763e-05,6.18118e-03,-84213.61
2652,21.500,0.500,6.750,0,elastic,5.38199e-03,3.08997e-04,5.39085e-03,-75613.86
2653,22.500,0.500,6.750,0,elastic,4.63329e-03,5.42804e-04,4.66498e-03,-68028.90
2654,23.500,0.500,6.750,0,elastic,3.93066e-03,6.89758e-04,3.99072e-03,-63015.94
2655,24.500,0.500,6.750,0,elastic,3.26983e-03,7.69622e-04,3.35918e-03,-59943.07
2656,25.500,0.500,6.750,0,elastic,2.64089e-03,8.03494e-04,2.76042e-03,-58060.91
2657,26.500,0.500,6.750,0,elastic,2.03386e-03,8.07851e-04,2.18842e-03,-56904.80
2658,27.500,0.500,6.750,0,elastic,1.44205e-03,7.96097e-04,1.64720e-03,-56245.83
2659,28.500,0.500,6.750,0,elastic,8.60854e-04,7.80107e-04,1.16174e-03,-55914.26
2660,29.500,0.500,6.750,0,elastic,2.86203e-04,7.69389e-04,8.20897e-04,-55784.79
2661,20.500,1.500,6.750,0,elastic,6.18076e-03,-6.85806e-05,6.18114e-03,-84213.45
2662,21.500,1.500,6.750,0,elastic,5.38196e-03,3.09070e-04,5.39082e-03,-75613.47
2663,22.500,1.500,6.750,0,elastic,4.63327e-03,5.42858e-04,4.66496e-03,-68028.86
2664,23.500,1.500,6.750,0,elastic,3.93065e-03,6.89789e-04,3.99071e-03,-63016.11
2665,24.500,1.500,6.750,0,elastic,3.26982e-03,7.69633e-04,3.35917e-03,-59943.72
2666,25.500,1.500,6.750,0,elastic,2.64088e-03,8.03498e-04,2.76041e-03,-58061.73
2667,26.500,1.500,6.750,0,elastic,2.03385e-03,8.07856e-04,2.18842e-03,-56905.21
2668,27.500,1.500,6.750,0,elastic,1.44204e-03,7.96109e-04,1.64720e-03,-56245.87
2669,28.500,1.500,6.750,0,elastic,8.60849e-04,7.80123e-04,1.16175e-03,-55914.15
2670,29.500,1.500,6.750,0,elastic,2.86201e-04,7.69404e-04,8.20910e-04,-55784.78
2671,20.500,2.500,6.750,0,elastic,6.18067e-03,-6.84775e-05,6.18105e-03,-84212.33
2672,21.500,2.500,6.750,0,elastic,5.38190e-03,3.09155e-04,5.39077e-03,-75613.22
2673,22.500,2.500,6.750,0,elastic,4.63323e-03,5.42920e-04,4.66494e-03,-68029.46
2674,23.500,2.500,6.750,0,elastic,3.93063e-03,6.89822e-04,3.99070e-03,-63016.48
2675,24.500,2.500,6.750,0,elastic,3.26980e-03,7.69645e-04,3.35916e-03,-59944.39
2676,25.500,2.500,6.750,0,elastic,2.64087e-03,8.03499e-04,2.76040e-03,-58062.34
2677,26.500,2.500,6.750,0,elastic,2.03384e-03,8.07860e-04,2.18841e-03,-56905.60
2678,27.500,2.500,6.750,0,elastic,1.44203e-03,7.96126e-04,1.64720e-03,-56245.96
2679,28.500,2.500,6.750,0,elastic,8.60842e-04,7.80148e-04,1.16176e-03,-55914.04
2680,29.500,2.500,6.750,0,elastic,2.86198e-04,7.69427e-04,8.20931e-04,-55784.88
2681,20.500,3.500,6.750,0,elastic,6.18058e-03,-6.84211e-05,6.18096e-03,-84212.86
2682,21.500,3.500,6.750,0,elastic,5.38183e-03,3.09212e-04,5.39071e-03,-75613.32
2683,22.500,3.500,6.750,0,elastic,4.63320e-03,5.42953e-04,4.66490e-03,-68030.13
2684,23.500,3.500,6.750,0,elastic,3.93060e-03,6.89840e-04,3.99068e-03,-63017.07
2685,24.500,3.500,6.750,0,elastic,3.26979e-03,7.69652e-04,3.35915e-03,-59944.88
2686,25.500,3.500,6.750,0,elastic,2.64087e-03,8.03495e-04,2.76040e-03,-58063.06
2687,26.500,3.500,6.750,0,elastic,2.03385e-03,8.07859e-04,2.18842e-03,-56906.22
2688,27.500,3.500,6.750,0,elastic,1.44204e-03,7.96138e-04,1.64721e-03,-56246.12
2689,28.500,3.500,6.750,0,elastic,8.60838e-04,7.80168e-04,1.16177e-03,-55914.26
2690,29.500,3.500,6.750,0,elastic,2.86194e-04,7.69452e-04,8.20952e-04,-55784.87
2691,20.500,4.500,6.750,0,elastic,6.18051e-03,-6.84004e-05,6.18089e-03,-84213.51
2692,21.500,4.500,6.750,0,elastic,5.38177e-03,3.09238e-04,5.39065e-03,-75613.41
2693,22.500,4.500,6.750,0,elastic,4.63315e-03,5.42969e-04,4.66485e-03,-68030.80
2694,23.500,4.500,6.750,0,elastic,3.93057e-03,6.89850e-04,3.99065e-03,-63017.34
2695,24.500,4.500,6.750,0,elastic,3.26977e-03,7.69653e-04,3.35913e-03,-59945.50
2696,25.500,4.500,6.750,0,elastic,2.64086e-03,8.03491e-04,2.76039e-03,-58063.54
2697,26.500,4.500,6.750,0,elastic,2.03384e-03,8.07858e-04,2.18841e-03,-56907.10
2698,27.500,4.500,6.750,0,elastic,1.44203e-03,7.96143e-04,1.64720e-03,-56246.40
2699,28.500,4.500,6.750,0,elastic,8.60829e-04,7.80181e-04,1.16177e-03,-55914.29
2700,29.500,4.500,6.750,0,elastic,2.86190e-04,7.69471e-04,8.20969e-04,-55784.77
2701,20.500,0.500,7.250,0,elastic,6.05229e-03,1.34037e-04,6.05377e-03,-72794.49
2702,21.500,0.500,7.250,0,elastic,5.28574e-03,4.84448e-04,5.30790e-03,-64154.45
2703,22.500,0.500,7.250,0,elastic,4.55469e-03,7.06806e-04,4.60920e-03,-56865.65
2704,23.500,0.500,7.250,0,elastic,3.87194e-03,8.41681e-04,3.96237e-03,-52454.58
2705,24.500,0.500,7.250,0,elastic,3.23262e-03,9.11491e-04,3.35867e-03,-50081.00
2706,25.500,0.500,7.250,0,elastic,2.62088e-03,9.39551e-04,2.78420e-03,-48629.61
2707,26.500,0.500,7.250,0,elastic,2.02505e-03,9.40129e-04,2.23264e-03,-47774.62
2708,27.500,0.500,7.250,0,elastic,1.43941e-03,9.25232e-04,1.71113e-03,-47326.82
2709,28.500,0.500,7.250,0,elastic,8.60739e-04,9.06627e-04,1.25014e-03,-47137.09
2710,29.500,0.500,7.250,0,elastic,2.86408e-04,8.94335e-04,9.39076e-04,-47081.48
2711,20.500,1.500,7.250,0,elastic,6.05224e-03,1.34131e-04,6.05373e-03,-72793.88
2712,21.500,1.500,7.250,0,elastic,5.28571e-03,4.84527e-04,5.30787e-03,-64153.19
2713,22.500,1.500,7.250,0,elastic,4.55467e-03,7.06861e-04,4.60919e-03,-56865.04
2714,23.500,1.500,7.250,0,elastic,3.87193e-03,8.41710e-04,3.96237e-03,-52454.53
2715,24.500,1.500,7.250,0,elastic,3.23261e-03,9.11495e-04,3.35866e-03,-50081.59
2716,25.500,1.500,7.250,0,elastic,2.62087e-03,9.39546e-04,2.78419e-03,-48630.01
2717,26.500,1.500,7.250,0,elastic,2.02505e-03,9.40132e-04,2.23264e-03,-47774.60
2718,27.500,1.500,7.250,0,elastic,1.43940e-03,9.25247e-04,1.71113e-03,-47326.35
2719,28.500,1.500,7.250,0,elastic,8.60729e-04,9.06645e-04,1.25014e-03,-47136.81
2720,29.500,1.500,7.250,0,elastic,2.86404e-04,8.94347e-04,9.39087e-04,-47081.72
2721,20.500,2.500,7.250,0,elastic,6.05217e-03,1.34234e-04,6.05365e-03,-72792.95
2722,21.500,2.500,7.250,0,elastic,5.28565e-03,4.84609e-04,5.30782e-03,-64152.84
2723,22.500,2.500,7.250,0,elastic,4.55463e-03,7.06919e-04,4.60916e-03,-56864.80
2724,23.500,2.500,7.250,0,elastic,3.87191e-03,8.41738e-04,3.96235e-03,-52454.55
2725,24.500,2.500,7.250,0,elastic,3.23260e-03,9.11497e-04,3.35865e-03,-50082.40
2726,25.500,2.500,7.250,0,elastic,2.62085e-03,9.39535e-04,2.78417e-03,-48631.11
2727,26.500,2.500,7.250,0,elastic,2.02504e-03,9.40129e-04,2.23263e-03,-47774.98
2728,27.500,2.500,7.250,0,elastic,1.43939e-03,9.25266e-04,1.71113e-03,-47326.02
2729,28.500,2.500,7.250,0,elastic,8.60716e-04,9.06672e-04,1.25016e-03,-47136.59
2730,29.500,2.500,7.250,0,elastic,2.86398e-04,8.94368e-04,9.39105e-04,-47081.65
2731,20.500,3.500,7.250,0,elastic,6.05208e-03,1.34290e-04,6.05357e-03,-72791.42
2732,21.500,3.500,7.250,0,elastic,5.28558e-03,4.84661e-04,5.30775e-03,-64152.06
2733,22.500,3.500,7.250,0,elastic,4.55459e-03,7.06946e-04,4.60913e-03,-56864.91
2734,23.500,3.500,7.250,0,elastic,3.87188e-03,8.41751e-04,3.96233e-03,-52454.82
2735,24.500,3.500,7.250,0,elastic,3.23258e-03,9.11495e-04,3.35863e-03,-50082.82
2736,25.500,3.500,7.250,0,elastic,2.62085e-03,9.39517e-04,2.78416e-03,-48631.99
2737,26.500,3.500,7.250,0,elastic,2.02504e-03,9.40118e-04,2.23262e-03,-47775.97
2738,27.500,3.500,7.250,0,elastic,1.43939e-03,9.25274e-04,1.71113e-03,-47326.37
2739,28.500,3.500,7.250,0,elastic,8.60707e-04,9.06692e-04,1.25016e-03,-47136.60
2740,29.500,3.500,7.250,0,elastic,2.86392e-04,8.94394e-04,9.39127e-04,-47081.36
2741,20.500,4.500,7.250,0,elastic,6.05202e-03,1.34302e-04,6.05351e-03,-72791.35
2742,21.500,4.500,7.250,0,elastic,5.28553e-03,4.84680e-04,5.30771e-03,-64152.44
2743,22.500,4.500,7.250,0,elastic,4.55456e-03,7.06951e-04,4.60909e-03,-56865.64
2744,23.500,4.500,7.250,0,elastic,3.87186e-03,8.41751e-04,3.96231e-03,-52455.46
2745,24.500,4.500,7.250,0,elastic,3.23256e-03,9.11488e-04,3.35861e-03,-50083.41
2746,25.500,4.500,7.250,0,elastic,2.62084e-03,9.39502e-04,2.78414e-03,-48632.57
2747,26.500,4.500,7.250,0,elastic,2.02503e-03,9.40105e-04,2.23261e-03,-47776.97
2748,27.500,4.500,7.250,0,elastic,1.43938e-03,9.25274e-04,1.71112e-03,-47326.78
2749,28.500,4.500,7.250,0,elastic,8.60697e-04,9.06704e-04,1.25016e-03,-47136.62
2750,29.500,4.500,7.250,0,elastic,2.86388e-04,8.94413e-04,9.39144e-04,-47081.31
2751,20.500,0.500,7.750,5,shear-n tension-n,6.03252e-03,3.81542e-04,6.04458e-03,-58179.90
2752,21.500,0.500,7.750,0,elastic,5.17413e-03,6.64239e-04,5.21659e-03,-52453.09
2753,22.500,0.500,7.750,0,elastic,4.44604e-03,8.71377e-04,4.53063e-03,-45252.71
2754,23.500,0.500,7.750,0,elastic,3.79076e-03,9.88356e-04,3.91749e-03,-42143.70
2755,24.500,0.500,7.750,0,elastic,3.18159e-03,1.04778e-03,3.34968e-03,-40454.02
2756,25.500,0.500,7.750,0,elastic,2.59246e-03,1.07177e-03,2.80527e-03,-39401.82
2757,26.500,0.500,7.750,0,elastic,2.01124e-03,1.07001e-03,2.27816e-03,-38802.16
2758,27.500,0.500,7.750,0,elastic,1.43407e-03,1.05281e-03,1.77904e-03,-38540.96
2759,28.500,0.500,7.750,0,elastic,8.59415e-04,1.03203e-03,1.34301e-03,-38476.45
2760,29.500,0.500,7.750,0,elastic,2.86285e-04,1.01831e-03,1.05778e-03,-38487.15
2761,20.500,1.500,7.750,5,shear-n tension-n,6.03254e-03,3.81661e-04,6.04460e-03,-58178.14
2762,21.500,1.500,7.750,0,elastic,5.17410e-03,6.64328e-04,5.21657e-03,-52452.25
2763,22.500,1.500,7.750,0,elastic,4.44602e-03,8.71438e-04,4.53062e-03,-45251.63
2764,23.500,1.500,7.750,0,elastic,3.79076e-03,9.88385e-04,3.91749e-03,-42143.52
2765,24.500,1.500,7.750,0,elastic,3.18158e-03,1.04777e-03,3.34967e-03,-40454.68
2766,25.500,1.500,7.750,0,elastic,2.59245e-03,1.07175e-03,2.80526e-03,-39402.48
2767,26.500,1.500,7.750,0,elastic,2.01123e-03,1.07002e-03,2.27815e-03,-38801.91
2768,27.500,1.500,7.750,0,elastic,1.43406e-03,1.05284e-03,1.77904e-03,-38539.97
2769,28.500,1.500,7.750,0,elastic,8.59400e-04,1.03205e-03,1.34302e-03,-38475.95
2770,29.500,1.500,7.750,0,elastic,2.86278e-04,1.01831e-03,1.05779e-03,-38487.88
2771,20.500,2.500,7.750,5,shear-n tension-n,6.03249e-03,3.81769e-04,6.04456e-03,-58178.27
2772,21.500,2.500,7.750,0,elastic,5.17405e-03,6.64416e-04,5.21654e-03,-52450.44
2773,22.500,2.500,7.750,0,elastic,4.44600e-03,8.71500e-04,4.53061e-03,-45250.75
2774,23.500,2.500,7.750,0,elastic,3.79074e-03,9.88413e-04,3.91749e-03,-42143.32
2775,24.500,2.500,7.750,0,elastic,3.18157e-03,1.04776e-03,3.34965e-03,-40455.36
2776,25.500,2.500,7.750,0,elastic,2.59243e-03,1.07173e-03,2.80523e-03,-39403.74
2777,26.500,2.500,7.750,0,elastic,2.01121e-03,1.07001e-03,2.27813e-03,-38802.33
2778,27.500,2.500,7.750,0,elastic,1.43403e-03,1.05287e-03,1.77904e-03,-38539.43
2779,28.500,2.500,7.750,0,elastic,8.59377e-04,1.03208e-03,1.34303e-03,-38475.35
2780,29.500,2.500,7.750,0,elastic,2.86269e-04,1.01833e-03,1.05780e-03,-38487.91
2781,20.500,3.500,7.750,5,shear-n tension-n,6.03242e-03,3.81836e-04,6.04449e-03,-58177.06
2782,21.500,3.500,7.750,0,elastic,5.17399e-03,6.64473e-04,5.21648e-03,-52448.86
2783,22.500,3.500,7.750,0,elastic,4.44597e-03,8.71521e-04,4.53059e-03,-45251.14
2784,23.500,3.500,7.750,0,elastic,3.79073e-03,9.88423e-04,3.91748e-03,-42143.49
2785,24.500,3.500,7.750,0,elastic,3.18156e-03,1.04775e-03,3.34964e-03,-40455.81
2786,25.500,3.500,7.750,0,elastic,2.59243e-03,1.07169e-03,2.80521e-03,-39405.19
2787,26.500,3.500,7.750,0,elastic,2.01120e-03,1.06998e-03,2.27811e-03,-38803.82
2788,27.500,3.500,7.750,0,elastic,1.43402e-03,1.05287e-03,1.77903e-03,-38540.02
2789,28.500,3.500,7.750,0,elastic,8.59358e-04,1.03211e-03,1.34303e-03,-38475.22
2790,29.500,3.500,7.750,0,elastic,2.86259e-04,1.01836e-03,1.05783e-03,-38487.39
2791,20.500,4.500,7.750,5,shear-n tension-n,6.03237e-03,3.81836e-04,6.04444e-03,-58177.02
2792,21.500,4.500,7.750,0,elastic,5.17395e-03,6.64482e-04,5.21645e-03,-52449.27
2793,22.500,4.500,7.750,0,elastic,4.44596e-03,8.71513e-04,4.53057e-03,-45252.44
2794,23.500,4.500,7.750,0,elastic,3.79072e-03,9.88415e-04,3.91747e-03,-42144.08
2795,24.500,4.500,7.750,0,elastic,3.18154e-03,1.04774e-03,3.34963e-03,-40455.98
2796,25.500,4.500,7.750,0,elastic,2.59241e-03,1.07166e-03,2.80519e-03,-39406.03
2797,26.500,4.500,7.750,0,elastic,2.01119e-03,1.06995e-03,2.27809e-03,-38804.93
2798,27.500,4.500,7.750,0,elastic,1.43401e-03,1.05286e-03,1.77901e-03,-38540.68
2799,28.500,4.500,7.750,0,elastic,8.59344e-04,1.03212e-03,1.34303e-03,-38475.25
2800,29.500,4.500,7.750,0,elastic,2.86253e-04,1.01838e-03,1.05785e-03,-38487.04
2801,20.500,0.500,8.250,5,shear-n tension-n,6.72262e-03,9.18494e-04,6.78507e-03,-49489.76
2802,21.500,0.500,8.250,5,shear-n tension-n,5.16055e-03,9.21817e-04,5.24224e-03,-38165.12
2803,22.500,0.500,8.250,0,elastic,4.30287e-03,1.03442e-03,4.42547e-03,-33754.48
2804,23.500,0.500,8.250,0,elastic,3.69027e-03,1.12437e-03,3.85776e-03,-32229.44
2805,24.500,0.500,8.250,0,elastic,3.12180e-03,1.17560e-03,3.33582e-03,-31160.18
2806,25.500,0.500,8.250,0,elastic,2.56005e-03,1.19876e-03,2.82681e-03,-30377.64
2807,26.500,0.500,8.250,0,elastic,1.99604e-03,1.19665e-03,2.32726e-03,-29979.16
2808,27.500,0.500,8.250,0,elastic,1.42902e-03,1.17829e-03,1.85216e-03,-29870.06
2809,28.500,0.500,8.250,0,elastic,8.58941e-04,1.15606e-03,1.44023e-03,-29902.02
2810,29.500,0.500,8.250,0,elastic,2.86575e-04,1.14121e-03,1.17664e-03,-29968.10
2811,20.500,1.500,8.250,5,shear-n tension-n,6.72270e-03,9.18669e-04,6.78518e-03,-49491.07
2812,21.500,1.500,8.250,5,shear-n tension-n,5.16054e-03,9.21948e-04,5.24225e-03,-38161.39
2813,22.500,1.500,8.250,0,elastic,4.30286e-03,1.03450e-03,4.42547e-03,-33753.21
2814,23.500,1.500,8.250,0,elastic,3.69028e-03,1.12440e-03,3.85778e-03,-32228.55
2815,24.500,1.500,8.250,0,elastic,3.12181e-03,1.17559e-03,3.33582e-03,-31161.05
2816,25.500,1.500,8.250,0,elastic,2.56003e-03,1.19874e-03,2.82679e-03,-30378.57
2817,26.500,1.500,8.250,0,elastic,1.99602e-03,1.19667e-03,2.32725e-03,-29977.85
2818,27.500,1.500,8.250,0,elastic,1.42900e-03,1.17834e-03,1.85217e-03,-29868.10
2819,28.500,1.500,8.250,0,elastic,8.58918e-04,1.15609e-03,1.44024e-03,-29901.37
2820,29.500,1.500,8.250,0,elastic,2.86566e-04,1.14119e-03,1.17662e-03,-29969.41
2821,20.500,2.500,8.250,5,shear-n tension-n,6.72273e-03,9.18776e-04,6.78522e-03,-49491.79
2822,21.500,2.500,8.250,5,shear-n tension-n,5.16053e-03,9.22066e-04,5.24226e-03,-38158.27
2823,22.500,2.500,8.250,0,elastic,4.30286e-03,1.03456e-03,4.42549e-03,-33752.80
2824,23.500,2.500,8.250,0,elastic,3.69029e-03,1.12443e-03,3.85780e-03,-32227.88
2825,24.500,2.500,8.250,0,elastic,3.12181e-03,1.17558e-03,3.33581e-03,-31161.73
2826,25.500,2.500,8.250,0,elastic,2.56001e-03,1.19869e-03,2.82675e-03,-30380.44
2827,26.500,2.500,8.250,0,elastic,1.99598e-03,1.19666e-03,2.32721e-03,-29978.41
2828,27.500,2.500,8.250,0,elastic,1.42895e-03,1.17838e-03,1.85215e-03,-29866.78
2829,28.500,2.500,8.250,0,elastic,8.58880e-04,1.15613e-03,1.44025e-03,-29900.36
2830,29.500,2.500,8.250,0,elastic,2.86552e-04,1.14121e-03,1.17663e-03,-29969.88
2831,20.500,3.500,8.250,5,shear-n tension-n,6.72271e-03,9.18911e-04,6.78522e-03,-49488.65
2832,21.500,3.500,8.250,5,shear-n tension-n,5.16051e-03,9.22133e-04,5.24225e-03,-38156.76
2833,22.500,3.500,8.250,0,elastic,4.30287e-03,1.03458e-03,4.42550e-03,-33753.17
2834,23.500,3.500,8.250,0,elastic,3.69030e-03,1.12445e-03,3.85781e-03,-32227.73
2835,24.500,3.500,8.250,0,elastic,3.12181e-03,1.17557e-03,3.33581e-03,-31161.71
2836,25.500,3.500,8.250,0,elastic,2.56000e-03,1.19864e-03,2.82672e-03,-30382.06
2837,26.500,3.500,8.250,0,elastic,1.99596e-03,1.19660e-03,2.32717e-03,-29980.44
2838,27.500,3.500,8.250,0,elastic,1.42892e-03,1.17837e-03,1.85212e-03,-29867.35
2839,28.500,3.500,8.250,0,elastic,8.58844e-04,1.15616e-03,1.44025e-03,-29900.12
2840,29.500,3.500,8.250,0,elastic,2.86536e-04,1.14124e-03,1.17666e-03,-29969.26
2841,20.500,4.500,8.250,5,shear-n tension-n,6.72246e-03,9.18834e-04,6.78496e-03,-49486.22
2842,21.500,4.500,8.250,5,shear-n tension-n,5.16046e-03,9.22096e-04,5.24219e-03,-38159.12
2843,22.500,4.500,8.250,0,elastic,4.30288e-03,1.03456e-03,4.42551e-03,-33754.13
2844,23.500,4.500,8.250,0,elastic,3.69032e-03,1.12443e-03,3.85782e-03,-32228.42
2845,24.500,4.500,8.250,0,elastic,3.12181e-03,1.17555e-03,3.33581e-03,-31161.85
2846,25.500,4.500,8.250,0,elastic,2.55999e-03,1.19860e-03,2.82670e-03,-30383.56
2847,26.500,4.500,8.250,0,elastic,1.99594e-03,1.19656e-03,2.32713e-03,-29982.19
2848,27.500,4.500,8.250,0,elastic,1.42889e-03,1.17836e-03,1.85209e-03,-29868.19
2849,28.500,4.500,8.250,0,elastic,8.58816e-04,1.15617e-03,1.44024e-03,-29900.08
2850,29.500,4.500,8.250,0,elastic,2.86524e-04,1.14127e-03,1.17669e-03,-29968.48
2851,20.500,0.500,8.750,5,shear-n tension-n,1.07219e-02,2.92031e-03,1.11125e-02,-39073.51
2852,21.500,0.500,8.750,5,shear-n tension-n,5.93266e-03,1.68961e-03,6.16857e-03,-25700.33
2853,22.500,0.500,8.750,5,shear-n tension-n,4.20956e-03,1.23207e-03,4.38616e-03,-20975.22
2854,23.500,0.500,8.750,0,elastic,3.57593e-03,1.24170e-03,3.78538e-03,-23093.98
2855,24.500,0.500,8.750,0,elastic,3.06024e-03,1.29256e-03,3.32202e-03,-22229.41
2856,25.500,0.500,8.750,0,elastic,2.52829e-03,1.31973e-03,2.85200e-03,-21525.14
2857,26.500,0.500,8.750,0,elastic,1.98348e-03,1.31939e-03,2.38222e-03,-21297.03
2858,27.500,0.500,8.750,0,elastic,1.42782e-03,1.30139e-03,1.93191e-03,-21287.77
2859,28.500,0.500,8.750,0,elastic,8.61937e-04,1.27895e-03,1.54229e-03,-21374.90
2860,29.500,0.500,8.750,0,elastic,2.88267e-04,1.26357e-03,1.29604e-03,-21476.63
2861,20.500,1.500,8.750,5,shear-n tension-n,1.07228e-02,2.92096e-03,1.11135e-02,-39068.38
2862,21.500,1.500,8.750,5,shear-n tension-n,5.93269e-03,1.68984e-03,6.16866e-03,-25697.95
2863,22.500,1.500,8.750,5,shear-n tension-n,4.20955e-03,1.23216e-03,4.38618e-03,-20973.02
2864,23.500,1.500,8.750,0,elastic,3.57597e-03,1.24174e-03,3.78543e-03,-23092.62
2865,24.500,1.500,8.750,0,elastic,3.06027e-03,1.29254e-03,3.32203e-03,-22231.08
2866,25.500,1.500,8.750,0,elastic,2.52825e-03,1.31970e-03,2.85195e-03,-21527.29
2867,26.500,1.500,8.750,0,elastic,1.98342e-03,1.31944e-03,2.38220e-03,-21294.10
2868,27.500,1.500,8.750,0,elastic,1.42778e-03,1.30147e-03,1.93193e-03,-21284.67
2869,28.500,1.500,8.750,0,elastic,8.61915e-04,1.27899e-03,1.54231e-03,-21373.84
2870,29.500,1.500,8.750,0,elastic,2.88262e-04,1.26352e-03,1.29599e-03,-21480.13
2871,20.500,2.500,8.750,5,shear-n tension-n,1.07232e-02,2.92121e-03,1.11140e-02,-39071.30
2872,21.500,2.500,8.750,5,shear-n tension-n,5.93273e-03,1.68997e-03,6.16874e-03,-25696.38
2873,22.500,2.500,8.750,5,shear-n tension-n,4.20961e-03,1.23224e-03,4.38626e-03,-20973.47
2874,23.500,2.500,8.750,0,elastic,3.57601e-03,1.24178e-03,3.78548e-03,-23091.63
2875,24.500,2.500,8.750,0,elastic,3.06029e-03,1.29252e-03,3.32205e-03,-22231.74
2876,25.500,2.500,8.750,0,elastic,2.52822e-03,1.31963e-03,2.85190e-03,-21529.82
2877,26.500,2.500,8.750,0,elastic,1.98333e-03,1.31942e-03,2.38211e-03,-21294.64
2878,27.500,2.500,8.750,0,elastic,1.42768e-03,1.30153e-03,1.93190e-03,-21281.78
2879,28.500,2.500,8.750,0,elastic,8.61859e-04,1.27904e-03,1.54232e-03,-21372.24
2880,29.500,2.500,8.750,0,elastic,2.88247e-04,1.26352e-03,1.29598e-03,-21481.19
2881,20.500,3.500,8.750,5,shear-n tension-n,1.07231e-02,2.92144e-03,1.11140e-02,-39064.29
2882,21.500,3.500,8.750,5,shear-n tension-n,5.93282e-03,1.69005e-03,6.16885e-03,-25694.76
2883,22.500,3.500,8.750,5,shear-n tension-n,4.20968e-03,1.23227e-03,4.38633e-03,-20974.18
2884,23.500,3.500,8.750,0,elastic,3.57605e-03,1.24181e-03,3.78552e-03,-23090.00
2885,24.500,3.500,8.750,0,elastic,3.06033e-03,1.29252e-03,3.32208e-03,-22230.53
2886,25.500,3.500,8.750,0,elastic,2.52822e-03,1.31957e-03,2.85187e-03,-21531.41
2887,26.500,3.500,8.750,0,elastic,1.98329e-03,1.31934e-03,2.38204e-03,-21297.35
2888,27.500,3.500,8.750,0,elastic,1.42761e-03,1.30151e-03,1.93184e-03,-21282.68
2889,28.500,3.500,8.750,0,elastic,8.61788e-04,1.27906e-03,1.54229e-03,-21372.64
2890,29.500,3.500,8.750,0,elastic,2.88215e-04,1.26356e-03,1.29602e-03,-21479.70
2891,20.500,4.500,8.750,5,shear-n tension-n,1.07221e-02,2.92102e-03,1.11128e-02,-39068.14
2892,21.500,4.500,8.750,5,shear-n tension-n,5.93250e-03,1.68985e-03,6.16848e-03,-25694.63
2893,22.500,4.500,8.750,5,shear-n tension-n,4.20968e-03,1.23218e-03,4.38630e-03,-20977.00
2894,23.500,4.500,8.750,0,elastic,3.57609e-03,1.24180e-03,3.78556e-03,-23089.86
2895,24.500,4.500,8.750,0,elastic,3.06036e-03,1.29250e-03,3.32210e-03,-22230.75
2896,25.500,4.500,8.750,0,elastic,2.52824e-03,1.31951e-03,2.85185e-03,-21533.57
2897,26.500,4.500,8.750,0,elastic,1.98327e-03,1.31928e-03,2.38199e-03,-21299.87
2898,27.500,4.500,8.750,0,elastic,1.42755e-03,1.30149e-03,1.93178e-03,-21283.37
2899,28.500,4.500,8.750,0,elastic,8.61729e-04,1.27907e-03,1.54227e-03,-21372.39
2900,29.500,4.500,8.750,0,elastic,2.88193e-04,1.26360e-03,1.29604e-03,-21478.68
2901,20.500,0.500,9.250,5,shear-n tension-n,2.22830e-02,9.25488e-03,2.41285e-02,-25365.08
2902,21.500,0.500,9.250,5,shear-n tension-n,8.88472e-03,4.14892e-03,9.80570e-03,-16210.10
2903,22.500,0.500,9.250,5,shear-n tension-n,4.39145e-03,1.64453e-03,4.68927e-03,-9534.27
2904,23.500,0.500,9.250,0,elastic,3.48824e-03,1.34513e-03,3.73861e-03,-13611.83
2905,24.500,0.500,9.250,0,elastic,3.00221e-03,1.39776e-03,3.31165e-03,-13497.31
2906,25.500,0.500,9.250,0,elastic,2.50191e-03,1.43423e-03,2.88385e-03,-12867.68
2907,26.500,0.500,9.250,0,elastic,1.97798e-03,1.43770e-03,2.44528e-03,-12717.91
2908,27.500,0.500,9.250,0,elastic,1.43477e-03,1.42198e-03,2.02005e-03,-12777.16
2909,28.500,0.500,9.250,0,elastic,8.71894e-04,1.40146e-03,1.65054e-03,-12838.49
2910,29.500,0.500,9.250,0,elastic,2.92842e-04,1.38681e-03,1.41739e-03,-12949.36
2911,20.500,1.500,9.250,5,shear-n tension-n,2.22853e-02,9.25668e-03,2.41313e-02,-25364.17
2912,21.500,1.500,9.250,5,shear-n tension-n,8.88527e-03,4.14947e-03,9.80643e-03,-16208.58
2913,22.500,1.500,9.250,5,shear-n tension-n,4.39149e-03,1.64464e-03,4.68935e-03,-9533.56
2914,23.500,1.500,9.250,0,elastic,3.48834e-03,1.34518e-03,3.73872e-03,-13609.39
2915,24.500,1.500,9.250,0,elastic,3.00229e-03,1.39773e-03,3.31171e-03,-13499.52
2916,25.500,1.500,9.250,0,elastic,2.50179e-03,1.43418e-03,2.88372e-03,-12872.70
2917,26.500,1.500,9.250,0,elastic,1.97783e-03,1.43779e-03,2.44521e-03,-12707.86
2918,27.500,1.500,9.250,0,elastic,1.43473e-03,1.42210e-03,2.02010e-03,-12775.25
2919,28.500,1.500,9.250,0,elastic,8.71906e-04,1.40149e-03,1.65058e-03,-12836.24
2920,29.500,1.500,9.250,0,elastic,2.92877e-04,1.38669e-03,1.41729e-03,-12957.49
2921,20.500,2.500,9.250,5,shear-n tension-n,2.22862e-02,9.25740e-03,2.41324e-02,-25359.26
2922,21.500,2.500,9.250,5,shear-n tension-n,8.88537e-03,4.14964e-03,9.80660e-03,-16208.18
2923,22.500,2.500,9.250,5,shear-n tension-n,4.39154e-03,1.64474e-03,4.68944e-03,-9532.90
2924,23.500,2.500,9.250,0,elastic,3.48844e-03,1.34521e-03,3.73883e-03,-13610.16
2925,24.500,2.500,9.250,0,elastic,3.00241e-03,1.39772e-03,3.31181e-03,-13499.37
2926,25.500,2.500,9.250,0,elastic,2.50174e-03,1.43412e-03,2.88364e-03,-12876.48
2927,26.500,2.500,9.250,0,elastic,1.97760e-03,1.43777e-03,2.44502e-03,-12710.81
2928,27.500,2.500,9.250,0,elastic,1.43452e-03,1.42218e-03,2.02001e-03,-12769.79
2929,28.500,2.500,9.250,0,elastic,8.71850e-04,1.40155e-03,1.65060e-03,-12833.09
2930,29.500,2.500,9.250,0,elastic,2.92880e-04,1.38667e-03,1.41726e-03,-12959.02
2931,20.500,3.500,9.250,5,shear-n tension-n,2.22858e-02,9.25750e-03,2.41321e-02,-25357.81
2932,21.500,3.500,9.250,5,shear-n tension-n,8.88550e-03,4.14971e-03,9.80675e-03,-16209.93
2933,22.500,3.500,9.250,5,shear-n tension-n,4.39163e-03,1.64485e-03,4.68956e-03,-9530.41
2934,23.500,3.500,9.250,0,elastic,3.48848e-03,1.34526e-03,3.73888e-03,-13607.82
2935,24.500,3.500,9.250,0,elastic,3.00252e-03,1.39776e-03,3.31192e-03,-13494.29
2936,25.500,3.500,9.250,0,elastic,2.50181e-03,1.43407e-03,2.88368e-03,-12876.16
2937,26.500,3.500,9.250,0,elastic,1.97752e-03,1.43768e-03,2.44489e-03,-12713.97
2938,27.500,3.500,9.250,0,elastic,1.43439e-03,1.42215e-03,2.01990e-03,-12771.75
2939,28.500,3.500,9.250,0,elastic,8.71721e-04,1.40155e-03,1.65053e-03,-12837.03
2940,29.500,3.500,9.250,0,elastic,2.92809e-04,1.38673e-03,1.41731e-03,-12955.68
2941,20.500,4.500,9.250,5,shear-n tension-n,2.22833e-02,9.25632e-03,2.41293e-02,-25360.66
2942,21.500,4.500,9.250,5,shear-n tension-n,8.88467e-03,4.14907e-03,9.80572e-03,-16209.95
2943,22.500,4.500,9.250,5,shear-n tension-n,4.39156e-03,1.64460e-03,4.68940e-03,-9534.04
2944,23.500,4.500,9.250,0,elastic,3.48855e-03,1.34524e-03,3.73894e-03,-13610.04
2945,24.500,4.500,9.250,0,elastic,3.00261e-03,1.39773e-03,3.31200e-03,-13494.81
2946,25.500,4.500,9.250,0,elastic,2.50189e-03,1.43399e-03,2.88371e-03,-12880.25
2947,26.500,4.500,9.250,0,elastic,1.97749e-03,1.43760e-03,2.44482e-03,-12716.69
2948,27.500,4.500,9.250,0,elastic,1.43426e-03,1.42214e-03,2.01980e-03,-12770.74
2949,28.500,4.500,9.250,0,elastic,8.71592e-04,1.40157e-03,1.65047e-03,-12835.72
2950,29.500,4.500,9.250,0,elastic,2.92765e-04,1.38676e-03,1.41733e-03,-12954.74
2951,20.500,0.500,9.750,5,shear-n tension-n,4.29213e-02,2.37451e-02,4.90517e-02,-13056.80
2952,21.500,0.500,9.750,5,shear-n tension-n,1.49428e-02,1.02024e-02,1.80936e-02,-4104.79
2953,22.500,0.500,9.750,5,shear-n tension-n,5.17500e-03,2.54835e-03,5.76842e-03,-3253.92
2954,23.500,0.500,9.750,5,shear-n tension-n,3.52958e-03,1.51319e-03,3.84027e-03,-2756.94
2955,24.500,0.500,9.750,4,tension-p,2.95916e-03,1.49467e-03,3.31522e-03,-5016.90
2956,25.500,0.500,9.750,4,tension-p,2.48119e-03,1.54472e-03,2.92275e-03,-4154.56
2957,26.500,0.500,9.750,4,tension-p,1.97750e-03,1.55622e-03,2.51641e-03,-4282.14
2958,27.500,0.500,9.750,4,tension-p,1.44537e-03,1.55154e-03,2.12046e-03,-4257.10
2959,28.500,0.500,9.750,4,tension-p,8.84116e-04,1.54194e-03,1.77743e-03,-4279.54
2960,29.500,0.500,9.750,4,tension-p,2.98295e-04,1.53534e-03,1.56404e-03,-4347.05
2961,20.500,1.500,9.750,5,shear-n tension-n,4.29246e-02,2.37480e-02,4.90560e-02,-13057.25
2962,21.500,1.500,9.750,5,shear-n tension-n,1.49444e-02,1.02037e-02,1.80956e-02,-4107.35
2963,22.500,1.500,9.750,5,shear-n tension-n,5.17532e-03,2.54860e-03,5.76882e-03,-3254.03
2964,23.500,1.500,9.750,5,shear-n tension-n,3.52970e-03,1.51314e-03,3.84036e-03,-2761.12
2965,24.500,1.500,9.750,4,tension-p,2.95929e-03,1.49468e-03,3.31533e-03,-5021.67
2966,25.500,1.500,9.750,4,tension-p,2.48100e-03,1.54478e-03,2.92262e-03,-4153.38
2967,26.500,1.500,9.750,4,tension-p,1.97723e-03,1.55619e-03,2.51618e-03,-4274.92
2968,27.500,1.500,9.750,4,tension-p,1.44533e-03,1.55155e-03,2.12045e-03,-4265.00
2969,28.500,1.500,9.750,4,tension-p,8.84286e-04,1.54195e-03,1.77751e-03,-4260.82
2970,29.500,1.500,9.750,4,tension-p,2.98444e-04,1.53524e-03,1.56398e-03,-4357.48
2971,20.500,2.500,9.750,5,shear-n tension-n,4.29253e-02,2.37494e-02,4.90573e-02,-13055.15
2972,21.500,2.500,9.750,5,shear-n tension-n,1.49446e-02,1.02040e-02,1.80959e-02,-4104.59
2973,22.500,2.500,9.750,5,shear-n tension-n,5.17535e-03,2.54876e-03,5.76892e-03,-3252.95
2974,23.500,2.500,9.750,5,shear-n tension-n,3.52979e-03,1.51315e-03,3.84045e-03,-2757.73
2975,24.500,2.500,9.750,4,tension-p,2.95945e-03,1.49477e-03,3.31552e-03,-5021.95
2976,25.500,2.500,9.750,4,tension-p,2.48097e-03,1.54498e-03,2.92270e-03,-4139.97
2977,26.500,2.500,9.750,4,tension-p,1.97693e-03,1.55626e-03,2.51599e-03,-4286.42
2978,27.500,2.500,9.750,4,tension-p,1.44508e-03,1.55143e-03,2.12019e-03,-4266.56
2979,28.500,2.500,9.750,4,tension-p,8.84275e-04,1.54183e-03,1.77741e-03,-4267.98
2980,29.500,2.500,9.750,4,tension-p,2.98475e-04,1.53509e-03,1.56384e-03,-4358.11
2981,20.500,3.500,9.750,5,shear-n tension-n,4.29235e-02,2.37490e-02,4.90555e-02,-13056.24
2982,21.500,3.500,9.750,5,shear-n tension-n,1.49442e-02,1.02037e-02,1.80954e-02,-4104.97
2983,22.500,3.500,9.750,5,shear-n tension-n,5.17547e-03,2.54900e-03,5.76913e-03,-3253.46
2984,23.500,3.500,9.750,5,shear-n tension-n,3.52983e-03,1.51317e-03,3.84049e-03,-2759.84
2985,24.500,3.500,9.750,4,tension-p,2.95962e-03,1.49479e-03,3.31568e-03,-5016.95
2986,25.500,3.500,9.750,4,tension-p,2.48108e-03,1.54500e-03,2.92281e-03,-4141.77
2987,26.500,3.500,9.750,4,tension-p,1.97679e-03,1.55622e-03,2.51586e-03,-4288.77
2988,27.500,3.500,9.750,4,tension-p,1.44486e-03,1.55148e-03,2.12008e-03,-4263.14
2989,28.500,3.500,9.750,4,tension-p,8.84044e-04,1.54193e-03,1.77738e-03,-4266.89
2990,29.500,3.500,9.750,4,tension-p,2.98333e-04,1.53516e-03,1.56388e-03,-4353.96
2991,20.500,4.500,9.750,5,shear-n tension-n,4.29192e-02,2.37467e-02,4.90506e-02,-13061.12
2992,21.500,4.500,9.750,5,shear-n tension-n,1.49424e-02,1.02020e-02,1.80930e-02,-4105.32
2993,22.500,4.500,9.750,5,shear-n tension-n,5.17531e-03,2.54854e-03,5.76878e-03,-3253.42
2994,23.500,4.500,9.750,5,shear-n tension-n,3.52988e-03,1.51314e-03,3.84053e-03,-2759.19
2995,24.500,4.500,9.750,4,tension-p,2.95974e-03,1.49476e-03,3.31577e-03,-5013.14
2996,25.500,4.500,9.750,4,tension-p,2.48120e-03,1.54502e-03,2.92291e-03,-4148.63
2997,26.500,4.500,9.750,4,tension-p,1.97672e-03,1.55632e-03,2.51586e-03,-4289.79
2998,27.500,4.500,9.750,4,tension-p,1.44464e-03,1.55160e-03,2.12001e-03,-4252.47
2999,28.500,4.500,9.750,4,tension-p,8.83833e-04,1.54189e-03,1.77724e-03,-4276.01
3000,29.500,4.500,9.750,4,tension-p,2.98243e-04,1.53512e-03,1.56382e-03,-4354.04